url,company,price,title
http://www.helzberg.com/product/sapphire+pearl+ring+1997344.do?sortby=bestSellersAscend&page=5,helzberg,89.99,Freshwater Cultured Pearl & Lab-Created Pink Sapphire Ring in Sterling Silver
http://www.zales.com/cultured-freshwater-pearl-promise-promise-ring-10k-white-gold-diamond-accents/product.jsp?productId=4454952,zales,223.20,9.0mm Cultured Freshwater Pearl Promise Promise Ring in 10K White Gold with Diamond Accents
http://www.zales.com/cultured-freshwater-pearl-diamond-ring-sterling-silver/product.jsp?productId=32525616,zales,159.20,9.0mm Cultured Freshwater Pearl and 1/10 CT. T.W. Diamond Ring in Sterling Silver
http://www.zales.com/cultured-freshwater-pearl-ring-sterling-silver-white-topaz-accents/product.jsp?productId=4343602,zales,79.20,10.0-10.5mm Cultured Freshwater Pearl Ring in Sterling Silver with White Topaz Accents
http://www.zales.com/cultured-freshwater-pearl-diamond-accent-ring-sterling-silver/product.jsp?productId=54548006,zales,103.20,8.0 - 8.5mm Cultured Freshwater Pearl and Diamond Accent Ring in Sterling Silver
http://www.helzberg.com/product/cultured+pearl+ring+2007291.do?sortby=bestSellersAscend&page=2,helzberg,99.99,Freshwater Cultured Pearl Ring in Sterling Silver & 10K Gold
http://www.zales.com/cultured-freshwater-pearl-ring-sterling-silver-white-topaz-accents/product.jsp?productId=4343603,zales,79.20,9.0-10.0mm Cultured Freshwater Pearl Ring in Sterling Silver with White Topaz Accents
http://www.zales.com/cultured-freshwater-pearl-ring-sterling-silver/product.jsp?productId=30892426,zales,47.20,9.0 - 9.5mm Cultured Freshwater Pearl Ring in Sterling Silver
http://www.zales.com/cultured-freshwater-pearl-diamond-ring-sterling-silver/product.jsp?productId=50167856,zales,423.20,7.5mm Cultured Freshwater Pearl and 1/6 CT. T.W. Diamond Ring in Sterling Silver
http://www1.macys.com/shop/product/belle-de-mer-natural-freshwater-pearl-ring-in-14k-rose-gold-9mm?ID=1639481&CategoryID=2905&LinkType=,macys,199.00,Belle de Mer Natural Freshwater Pearl Ring in 14k Rose Gold (9mm)
http://www1.macys.com/shop/product/belle-de-mer-cultured-freshwater-pearl-ring-in-14k-gold-9mm?ID=1349562&CategoryID=2905&LinkType=,macys,199.00,Belle de Mer Cultured Freshwater Pearl Ring in 14k Gold (9mm)
http://www.zales.com/cultured-freshwater-pearl-diamond-accent-ring-sterling-silver-14k-gold/product.jsp?productId=10832068,zales,63.20,8.0mm Cultured Freshwater Pearl and Diamond Accent Ring in Sterling Silver and 14K Gold
http://www1.macys.com/shop/product/cultured-freshwater-pearl-diamond-1-10-ct.-t.w.-ring-in-14k-white-gold?ID=387240&CategoryID=2905&LinkType=,macys,429.00,Cultured Freshwater Pearl & Diamond (1/10 ct. t.w.) Ring in 14k White Gold
http://www1.macys.com/shop/product/cultured-freshwater-pearl-9-1-2mm-diamond-1-8-ct.-t.w.-ring-in-14k-rose-gold?ID=597564&CategoryID=2905&LinkType=,macys,799.00,Cultured Freshwater Pearl (9-1/2mm) and Diamond (1/8 ct. t.w.) Ring in 14k Rose Gold
http://www1.macys.com/shop/product/cultured-freshwater-pearl-9-mm-diamond-1-8-c.t.-t.w-ring-in-14k-white-gold?ID=2045104&CategoryID=2905&LinkType=,macys,499.00,Cultured Freshwater Pearl (9 mm) and Diamond (1/8 c.t. t.w) Ring in 14k White Gold
http://www.zales.com/cultured-freshwater-pearl-lab-created-white-sapphire-ring-diamond-accents-10k-white-gold/product.jsp?productId=3298422,zales,299.99,Cultured Freshwater Pearl and Lab-Created White Sapphire Ring with Diamond Accents in 10K White Gold
http://www.kay.com/en/kaystore/diamonds---gemstones/stackable-ring-freshwater-cultured-pearl-sterling-silver-48060340499--1/100020/100020.100022.100034,kay,48.99,Stackable Ring Freshwater Cultured Pearl Sterling Silver
http://www.kay.com/en/kaystore/diamonds---gemstones/cultured-pearl-ring-natural-white-sapphires-sterling-silver/100020/100020.100022.100034,kay,199.99,Cultured Pearl Ring Natural White Sapphires Sterling Silver
http://www.zales.com/cultured-freshwater-pearl-diamond-accent-flower-frame-ring-sterling-silver/product.jsp?productId=10841678,zales,79.99,9.0-9.5mm Cultured Freshwater Pearl and Diamond Accent Flower Frame Ring in Sterling Silver
http://www.zales.com/cultured-freshwater-pearl-lab-created-white-sapphire-frame-ring-sterling-silver-size/product.jsp?productId=34263866,zales,59.99,6.5 - 7.0mm Cultured Freshwater Pearl and Lab-Created White Sapphire Frame Ring in Sterling Silver - Size 7
http://www.zales.com/pink-cultured-freshwater-pearl-lab-created-white-sapphire-ring-sterling-silver-size/product.jsp?productId=32406466,zales,149.99,7.5 - 8.0mm Pink Cultured Freshwater Pearl and Lab-Created White Sapphire Ring in Sterling Silver - Size 7
http://www.kay.com/en/kaystore/diamonds---gemstones/stackable-ring-black-cultured-pearl-sterling-silver/100020/100020.100022.100034,kay,49.99,Stackable Ring Black Cultured Pearl Sterling Silver
http://www.zales.com/black-cultured-freshwater-pearl-diamond-accent-ring-sterling-silver/product.jsp?productId=4343420,zales,79.20,Black Cultured Freshwater Pearl and Diamond Accent Ring in Sterling Silver
http://www.zales.com/cultured-freshwater-pearl-ring-sterling-silver-white-topaz-accents/product.jsp?productId=4343600,zales,111.20,8.0-8.5mm Cultured Freshwater Pearl Ring in Sterling Silver with White Topaz Accents
http://www.kay.com/en/kaystore/diamonds---gemstones/cultured-pearl-ring-diamond-accents-sterling-silver-48061400399/100020/100020.100022.100034,kay,119.00,Cultured Pearl Ring Diamond Accents Sterling Silver
http://www.zales.com/cultured-freshwater-pearl-white-topaz-ring-sterling-silver-size/product.jsp?productId=49232346,zales,103.20,8.0 - 8.5mm Cultured Freshwater Pearl and White Topaz Ring in Sterling Silver - Size 7
http://www.zales.com/cultured-freshwater-pearl-diamond-frame-ring-sterling-silver/product.jsp?productId=54547896,zales,119.20,8.0 - 8.5mm Cultured Freshwater Pearl and 1/10 CT. T.W. Diamond Frame Ring in Sterling Silver
http://www.kay.com/en/kaystore/diamonds---gemstones/stackable-ring-white-cultured-pearl-sterling-silver/100020/100020.100022.100034,kay,49.99,Stackable Ring White Cultured Pearl Sterling Silver
http://www.helzberg.com/product/freshwater+cultured+pearl+ring+1753662.do?sortby=bestSellersAscend,helzberg,99.99,June Freshwater Cultured Pearl Birthstone Ring in Sterling Silver
http://www.helzberg.com/product/pearl+ring+1886901.do?sortby=bestSellersAscend&page=4,helzberg,270.00,Honora® Freshwater Cultured Pearl & 1/10 ct. tw. Diamond Ring in Sterling Silver
http://www.kay.com/en/kaystore/diamonds---gemstones/cultured-pearl-ring-lab-created-sapphires-sterling-silver-480613506--1/100020/100020.100022.100034,kay,99.99,Cultured Pearl Ring Lab-Created Sapphires Sterling Silver
http://www.helzberg.com/product/honora+pearl+ring+1990238.do?sortby=bestSellersAscend&page=4,helzberg,269.99,Honora® Freshwater Cultured Pearl & 1/8 ct. tw. Diamond Ring in Sterling Silver
http://www.helzberg.com/product/freshwater+cultured+pearl+ring+1846677.do?sortby=bestSellersAscend&page=5,helzberg,169.99,Freshwater Cultured Pearl & 1/8 ct. tw. Diamond Ring in Sterling Silver
http://www1.macys.com/shop/product/cultured-freshwater-pearl-8mm-diamond-1-4-ct.-t.w.-ring-in-14k-white-gold?ID=1740493&CategoryID=2905&LinkType=,macys,499.00,Cultured Freshwater Pearl (8mm) and Diamond (1/4 ct. t.w.) Ring in 14k White Gold
http://www1.macys.com/shop/product/10k-white-gold-ring-cultured-freshwater-pearl-diamond-accent?ID=405053&CategoryID=2905&LinkType=,macys,489.00,"10k White Gold Ring, Cultured Freshwater Pearl & Diamond Accent"
http://www.zales.com/cultured-freshwater-pearl-white-topaz-split-shank-ring-sterling-silver/product.jsp?productId=59112536,zales,175.20,10.0 - 11.0mm Cultured Freshwater Pearl and White Topaz Split Shank Ring in Sterling Silver
http://www.kay.com/en/kaystore/diamonds---gemstones/cultured-pearl-ring-sterling-silver-10k-yellow-gold-accent-37342460599--1/100020/100020.100022.100034,kay,149.00,Cultured Pearl Ring Sterling Silver 10K Yellow Gold Accent
http://www.zales.com/cultured-freshwater-pearl-diamond-accent-frame-stack-ring-10k-white-gold/product.jsp?productId=12296021,zales,189.99,6.0mm Cultured Freshwater Pearl and Diamond Accent Frame Stack Ring in 10K White Gold
http://www.kay.com/en/kaystore/diamonds---gemstones/cultured-pearl-ring-cubic-zirconia--sterling-silver-35070420999--1/100020/100020.100022.100034,kay,179.00,Cultured Pearl Ring Cubic Zirconia  Sterling Silver
http://www.zales.com/cultured-freshwater-pearl-strand-necklace/product.jsp?productId=11393520,zales,183.20,"8.0mm Cultured Freshwater Pearl Strand Necklace - 17"""
http://www.zales.com/cultured-akoya-pearl-strand-necklace-14k-white-gold-clasp/product.jsp?productId=11393519,zales,303.20,"6.0 - 6.5mm Cultured Akoya Pearl Strand Necklace with 14K White Gold Clasp - 17"""
http://www.zales.com/black-cultured-akoya-pearl-strand/product.jsp?productId=4403135,zales,415.20,"7.0-7.5mm Black Cultured Akoya Pearl Strand - 17"""
http://www.zales.com/cultured-akoya-pearl-strand-14k-white-gold-clasp/product.jsp?productId=10802941,zales,319.20,"6.5-7.0mm Cultured Akoya Pearl Strand with 14K White Gold Clasp - 17"""
http://www.zales.com/cultured-akoya-pearl-strand-necklace-14k-white-gold-clasp/product.jsp?productId=11393518,zales,463.20,"7.0 - 7.5mm Cultured Akoya Pearl Strand Necklace with 14K White Gold Clasp - 17"""
http://www.kay.com/en/kaystore/diamonds---gemstones/cultured-pearl-necklace-sterling-silver-16-length/100020/100020.100022.100034,kay,399.00,"Cultured Pearl Necklace Sterling Silver 16"" Length"
http://www.kay.com/en/kaystore/diamonds---gemstones/cultured-pearl-necklace-sterling-silver-350646206--1/100020/100020.100022.100034,kay,59.99,Cultured Pearl Necklace Sterling Silver
http://www.kay.com/en/kaystore/diamonds---gemstones/cultured-pearl-necklace-sterling-silver-18-length-350564201--1/100020/100020.100022.100034,kay,379.99,"Cultured Pearl Necklace Sterling Silver 18"" Length"
http://www.zales.com/cultured-freshwater-pearl-strand-necklace-14k-gold-clasp/product.jsp?productId=54607136,zales,159.99,6.0 - 7.0mm Cultured Freshwater Pearl Strand Necklace with 14K Gold Clasp
http://www.kay.com/en/kaystore/diamonds---gemstones/cultured-pearl-necklace-sterling-silver-350646408--1/100020/100020.100022.100034,kay,89.99,Cultured Pearl Necklace Sterling Silver
http://www.kay.com/en/kaystore/diamonds---gemstones/cultured-pearl-necklace-sterling-silver-18-length-350564504--1/100020/100020.100022.100034,kay,729.00,"Cultured Pearl Necklace Sterling Silver 18"" Length"
http://www.kay.com/en/kaystore/diamonds---gemstones/cultured-pearl-ring-1-8-ct-tw-diamonds-10k-white-gold-48061300199--1/100020/100020.100022.100034,kay,429.00,Cultured Pearl Ring 1/8 ct tw Diamonds 10K White Gold
http://www.zales.com/cultured-freshwater-pearl-strand-necklace/product.jsp?productId=57273016,zales,359.99,8.0 - 9.0mm Cultured Freshwater Pearl Strand Necklace
http://www.zales.com/black-cultured-freshwater-pearl-endless-strand/product.jsp?productId=11160970&page=2&kpc=1,zales,103.20,"8.0-8.5mm Black Cultured Freshwater Pearl Endless Strand - 80"""
http://www.helzberg.com/product/pearl+necklace+2065598.do?sortby=bestSellersAscend,helzberg,215.00,"Honora® Freshwater Cultured Pearl Strand Necklace, 18"""
http://www.zales.com/rice-shaped-cultured-freshwater-pearl-endless-strand/product.jsp?productId=11160963,zales,39.20,"7.0-8.0mm Rice-Shaped Cultured Freshwater Pearl Endless Strand - 54"""
http://www.kay.com/en/kaystore/diamonds---gemstones/cultured-pearl-necklace-sterling-silver-18-length-350564100--1/100020/100020.100022.100034,kay,469.99,"Cultured Pearl Necklace Sterling Silver 18"" Length"
http://www.zales.com/pink-cultured-freshwater-pearl-strand-sterling-silver-filigree-clasp/product.jsp?productId=3147646,zales,29.99,"6.0mm Pink Cultured Freshwater Pearl Strand with Sterling Silver Filigree Clasp - 18"""
http://www.helzberg.com/product/pearl+necklace+m902401.do?sortby=bestSellersAscend,helzberg,70.00,"Honora® 7-8MM Rondelle Freshwater Cultured Pearl Necklace in Sterling Silver, 16"""
http://www.helzberg.com/product/pearl+necklace+m902402.do?sortby=bestSellersAscend,helzberg,75.00,"Honora® 7-8MM Rondelle Freshwater Cultured Pearl Necklace in Sterling Silver, 18"""
http://www.kay.com/en/kaystore/diamonds---gemstones/cultured-pearl-necklace-14k-yellow-gold-13-length/100020/100020.100022.100034,kay,69.99,Children's Necklace Cultured Pearl  14K Yellow Gold
http://www.helzberg.com/product/pearl+necklace+m902403.do?sortby=bestSellersAscend&page=2,helzberg,80.00,"Honora® 7-8MM Rondelle Freshwater Cultured Pearl Necklace in Sterling Silver, 20"""
http://www.helzberg.com/product/akoya+pearl+necklace+2007270.do?sortby=bestSellersAscend&page=3,helzberg,1799.00,"Akoya Cultured Pearl Strand Necklace, 18"""
http://www.kay.com/en/kaystore/diamonds---gemstones/true-culture-necklace-sterling-silver-18-length/100020/100020.100022.100034,kay,119.00,"Cultured Pearl Necklace Sterling Silver 18"" Length"
http://www.kay.com/en/kaystore/diamonds---gemstones/cultured-pearl-necklace-14k-white-gold-350583605/100020/100020.100022.100034,kay,1599.00,Cultured Pearl Necklace 14K White Gold
http://www.helzberg.com/product/honora+16%22+pearl+strand+necklace+1724043.do?sortby=bestSellersAscend&page=4,helzberg,300.00,"Honora® Freshwater Cultured Pearl Strand Necklace, 16"""
http://www.helzberg.com/product/pearl+necklace+2023902.do?sortby=bestSellersAscend&page=3,helzberg,275.00,"Honora® Freshwater Cultured Pearl Strand Necklace, 7-8MM"
http://www.helzberg.com/product/pearl+necklace+2023909.do?sortby=bestSellersAscend&page=3,helzberg,425.00,"Honora® Freshwater Cultured Pearl Strand Necklace, 8-9MM"
http://www.helzberg.com/product/black+pearl+2071681.do?sortby=bestSellersAscend&page=3,helzberg,199.99,"Black Akoya Cultured Pearl Strand Necklace, 18"""
http://www.kay.com/en/kaystore/diamonds---gemstones/cultured-pearl-necklace-14k-white-gold-350592301--1/100020/100020.100022.100034,kay,1899.00,Cultured Pearl Necklace 14K White Gold
http://www.helzberg.com/product/pearl+necklace+2065542.do?sortby=bestSellersAscend&page=3,helzberg,250.00,"Honora® Freshwater Cultured Pearl Graduated Strand Necklace, 17"""
http://www.helzberg.com/product/honora+pearl+strand+1990266.do?sortby=bestSellersAscend&page=4,helzberg,400.00,"Honora® Freshwater Cultured Pearl Necklace in 14K Gold, 6-6.5MM"
http://www.kay.com/en/kaystore/diamonds---gemstones/cultured-pearl-necklace-14k-white-gold-350592503--1/100020/100020.100022.100034,kay,2299.00,Cultured Pearl Necklace 14K White Gold
http://www.helzberg.com/product/tahitian+pearl+necklace+2038953.do?sortby=bestSellersAscend&page=5,helzberg,775.00,"Honora® Black Tahitian Cultured Pearl Strand Necklace, 18"""
http://www.kay.com/en/kaystore/diamonds---gemstones/true-culture-necklace-sterling-silver-20-length/100020/100020.100022.100034,kay,139.00,"Cultured Pearl Necklace Sterling Silver 20"" Length"
http://www.helzberg.com/product/honora+18%22+pearl+strand+necklace+1724050.do?sortby=bestSellersAscend&page=4,helzberg,330.00,"Honora® Freshwater Cultured Pearl Strand Necklace, 18"""
http://www.helzberg.com/product/pearl+necklace+2065591.do?sortby=bestSellersAscend&page=5,helzberg,750.00,"Honora® Freshwater Cultured Pearl Strand Necklace, 18"""
http://www.helzberg.com/product/necklace+2071597.do?sortby=bestSellersAscend&page=6,helzberg,399.99,"Akoya Cultured Pearl Strand Necklace, 18"""
http://www1.macys.com/shop/product/childrens-pearl-necklace-14k-gold-cultured-freshwater-pearl-strand-5-6mm?ID=670236&CategoryID=2905&LinkType=,macys,59.00,"Children's Pearl Necklace, 14k Gold Cultured Freshwater Pearl Strand (5-6mm)"
http://www.helzberg.com/product/pearl+necklace+2065598.do?sortby=bestSellersAscend&page=5,helzberg,215.00,"Honora® Freshwater Cultured Pearl Strand Necklace, 18"""
http://www.kay.com/en/kaystore/diamonds---gemstones/cultured-pearl-necklace-sterling-silver-16-length-35068500699--1/100020/100020.100022.100034,kay,119.00,"Cultured Pearl Necklace Sterling Silver 16"" Length"
http://www.bluenile.com/akoya-pearl-necklace_40942?elem=img&track=product,bluenile,1045,Classic Akoya Cultured Pearl Strand Necklace
http://www.bluenile.com/freshwater-cultured-pearl-necklace-100-inch_35892?elem=img&track=product,bluenile,625,"Freshwater Cultured Pearl Wrap-Around Necklace - 100"" Long"
http://www1.macys.com/shop/product/belle-de-mer-pearl-necklace-14k-gold-cultured-tahitian-black-pearl-strand-8-9mm?ID=521036&CategoryID=2905&LinkType=,macys,949.00,"Belle de Mer Pearl Necklace, 14k Gold Cultured Tahitian Black Pearl Strand (8-9mm)"
http://www.bluenile.com/akoya-pearl-necklace-18k-white-gold_40941?elem=img&track=product,bluenile,745,Classic Akoya Cultured Pearl Strand Necklace
http://www.bluenile.com/akoya-pearl-necklace_40940?elem=img&track=product,bluenile,545,Classic Akoya Cultured Pearl Strand Necklace
http://www.bluenile.com/akoya-cultured-pearl-strand-necklace-18k-white-gold_41001?elem=img&track=product,bluenile,1645,Classic Akoya Cultured Pearl Strand Necklace
http://www.bluenile.com/akoya-pearl-necklace-yellow-gold_50553?elem=img&track=product,bluenile,745,Classic Akoya Cultured Pearl Strand Necklace
http://www.bluenile.com/tahitian-pearl-necklace_40802?elem=img&track=product,bluenile,4490,Tahitian Cultured Pearl Strand Necklace
http://www.bluenile.com/freshwater-pearl-strand_6577?elem=img&track=product,bluenile,175,Freshwater Cultured Pearl Strand
http://www.kay.com/en/kaystore/diamonds---gemstones/cultured-pearl-bracelet-sterling-silver-350564403--1/100020/100020.100022.100034,kay,239.99,Cultured Pearl Bracelet Sterling Silver
http://www.bluenile.com/freshwater-cultured-pearl-strand-14k-white-gold_40763?elem=img&track=product,bluenile,275,Freshwater Cultured Pearl Strand Necklace
http://www.bluenile.com/tahitian-cultured-pearl-strand-necklace-18k-white-gold-_40801?elem=img&track=product,bluenile,3290,Tahitian Cultured Pearl Strand Necklace
http://www.bluenile.com/freshwater-pearl-strand_4653?elem=img&track=product,bluenile,135,Freshwater Cultured Pearl Strand
http://www.kay.com/en/kaystore/diamonds---gemstones/true-culture-bracelet-sterling-silver-75-length/100020/100020.100022.100034,kay,79.99,"Cultured Pearl Bracelet Sterling Silver 7.5"" Length"
http://www.helzberg.com/product/bracelet+m902404.do?sortby=bestSellersAscend,helzberg,50.00,"Honora® 7-8MM Rondelle Freshwater Cultured Pearl Bracelet in Sterling Silver, 7.5"""
http://www.kay.com/en/kaystore/diamonds---gemstones/freshwater-cultured-pearl-stretch-bracelet/100020/100020.100022.100034,kay,39.99,Freshwater Cultured Pearl Stretch Bracelet
http://www.helzberg.com/product/pearl+bracelet+1906867.do?sortby=bestSellersAscend,helzberg,150.00,Honora® Freshwater Cultured Pearl Toggle Bracelet in Sterling Silver
http://www.kay.com/en/kaystore/diamonds---gemstones/cultured-pearl-bracelet-sterling-silver-350583403/100020/100020.100022.100034,kay,479.00,Cultured Pearl Bracelet Sterling Silver
http://www.kay.com/en/kaystore/diamonds---gemstones/freshwater-cultured-pearl-stretch-bracelet-350674800--1/100020/100020.100022.100034,kay,59.99,Freshwater Cultured Pearl Stretch Bracelet
http://www.bluenile.com/freshwater-cultured-pearl-strand-14k-white-gold_52496?elem=img&track=product,bluenile,275,Freshwater Cultured Pearl Strand Necklace
http://www.kay.com/en/kaystore/diamonds---gemstones/cultured-pearl-bracelet-sterling-silver-350674406/100020/100020.100022.100034,kay,109.00,Cultured Pearl Bracelet Sterling Silver
http://www.kay.com/en/kaystore/diamonds---gemstones/cultured-pearl-bracelet-sterling-silver-350564302--1/100020/100020.100022.100034,kay,349.00,Cultured Pearl Bracelet Sterling Silver
http://www.kay.com/en/kaystore/diamonds---gemstones/freshwater-cultured-pearl-stretch-bracelet-350675207--1/100020/100020.100022.100034,kay,69.99,Freshwater Cultured Pearl Stretch Bracelet
http://www.helzberg.com/product/honora+pallini++pearl+bracelet+1750707.do?sortby=bestSellersAscend&page=4,helzberg,245.00,"Honora® Pallini Freshwater Cultured Pearl Bracelet in Sterling Silver, 8-9.5MM"
http://www.bluenile.com/freshwater-strand-yellow-gold_51094?elem=img&track=product,bluenile,175,Freshwater Cultured Pearl Strand
http://www.helzberg.com/product/honora+pearl+bracelet+1777978.do?sortby=bestSellersAscend&page=4,helzberg,180.00,"Honora® Freshwater Cultured Pearl Strand Bracelet, 6-6.5MM"
http://www.bluenile.com/freshwater-pearl-strand-cultured-necklace-14k-white-gold_52497?elem=img&track=product,bluenile,450,Freshwater Cultured Pearl Strand Necklace
http://www.helzberg.com/product/pearl+bracelet+2071590.do?sortby=bestSellersAscend&page=6,helzberg,329.99,Akoya Cultured Pearl Bracelet in 14K Gold
http://www.bluenile.com/freshwater-pearl-strand-14k-yellow-gold_51095?elem=img&track=product,bluenile,135,Freshwater Cultured Pearl Strand
http://www1.macys.com/shop/product/belle-de-mer-pearl-bracelet-8-14k-gold-aa-akoya-cultured-pearl-strand-7-7-1-2mm?ID=544314&CategoryID=2905&LinkType=,macys,484.50,"Belle de Mer Pearl Bracelet, 8"" 14k Gold AA Akoya Cultured Pearl Strand (7-7-1/2mm)"
http://www1.macys.com/shop/product/tahitian-pearl-bracelet-in-14k-white-gold-8mm?ID=1491196&CategoryID=2905&LinkType=,macys,1149.00,Tahitian Pearl Bracelet in 14k White Gold (8mm)
http://www1.macys.com/shop/product/belle-de-mer-aa-cultured-freshwater-pearl-strand-bracelet-7-1-2-8-1-2mm-in-14k-gold?ID=548684&CategoryID=2905&LinkType=,macys,149.00,Belle de Mer AA+ Cultured Freshwater Pearl Strand Bracelet (7-1/2-8-1/2mm) in 14k Gold
http://www.bluenile.com/pink-freshwater-pearl-strand_49250?elem=img&track=product,bluenile,195,Pink Freshwater Cultured Pearl Strand
http://www1.macys.com/shop/product/belle-de-mer-pearl-bracelet-7-1-2-14k-gold-a-akoya-cultured-pearl-strand-6-6-1-2mm?ID=544363&CategoryID=2905&LinkType=,macys,179.00,"Belle de Mer Pearl Bracelet, 7-1/2"" 14k Gold A+ Akoya Cultured Pearl Strand (6-6-1/2mm)"
http://www1.macys.com/shop/product/belle-de-mer-pearl-bracelet-7-1-2-14k-gold-a-akoya-cultured-pearl-strand-8-8-1-2mm?ID=544341&CategoryID=2905&LinkType=,macys,849.00,"Belle de Mer Pearl Bracelet, 7-1/2"" 14k Gold A+ Akoya Cultured Pearl Strand (8-8-1/2mm)"
http://www.bluenile.com/akoya-cultured-pearl-bracelet-18k-white-gold_40934?elem=img&track=product,bluenile,425,Classic Akoya Cultured Pearl Bracelet
http://www1.macys.com/shop/product/pearl-bracelet-14k-gold-cultured-freshwater-pearl-strand-6-6-1-2mm?ID=534485&CategoryID=2905&LinkType=,macys,109.50,"Pearl Bracelet, 14k Gold Cultured Freshwater Pearl Strand (6-6-1/2mm)"
http://www.kay.com/en/kaystore/diamonds---gemstones/cultured-pearl-necklace-sterling-silver-360593305/100020/100020.100022.100034,kay,149.00,Cultured Pearl Necklace Sterling Silver
http://www1.macys.com/shop/product/unwritten-cultured-freshwater-pearl-pendant-necklace-in-sterling-silver-8mm?ID=1819122&CategoryID=2905&LinkType=,macys,25.00,Unwritten Cultured Freshwater Pearl Pendant Necklace in Sterling Silver (8mm)
http://www.zales.com/cultured-freshwater-pearl-pendant-sterling-silver/product.jsp?productId=21069416,zales,47.20,"9.5mm Cultured Freshwater Pearl Pendant in Sterling Silver - 16"""
http://www.bluenile.com/freshwater-pearl-bracelet-14k-white-gold_4654?elem=img&track=product,bluenile,170,Freshwater Cultured Pearl Bracelet
http://www.bluenile.com/freshwater-cultured-pearl-bracelet-14k-white-gold_6560?elem=img&track=product,bluenile,220,Freshwater Cultured Pearl Bracelet
http://www.bluenile.com/akoya-cultured-pearl-bracelet-18k-white-gold_40935?elem=img&track=product,bluenile,525,Classic Akoya Cultured Pearl Bracelet
http://www.zales.com/pink-cultured-freshwater-pearl-lab-created-white-sapphire-stud-earrings-14k-white-gold/product.jsp?productId=49816946,zales,223.20,9.0 - 9.5mm Pink Cultured Freshwater Pearl and Lab-Created White Sapphire Stud Earrings in 14K White Gold
http://www.zales.com/cultured-freshwater-pearl-diamond-accent-stud-earrings-14k-gold/product.jsp?productId=57273006,zales,299.99,6.0mm Cultured Freshwater Pearl and Diamond Accent Stud Earrings in 14K Gold
http://www.bluenile.com/floating-tahitian-pearl-pendant-14k-white-gold_40566?elem=img&track=product,bluenile,270,Tahitian Cultured Pearl Floating Pendant
http://www.helzberg.com/product/earrings+2086125.do?sortby=bestSellersAscend&page=6,helzberg,179.99,Honora® Freshwater Cultured Pearl & 1/8 ct. tw. Diamond Earrings in Sterling Silver
http://www.helzberg.com/product/diamond+%26+freshwater+pearl+earrings++2069490.do?sortby=bestSellersAscend&page=5,helzberg,279.99,Freshwater Cultured Pearl & Diamond Earrings in 14K Gold
http://www.bluenile.com/floating-freshwater-cultured-pearl-pendant-14k-white-gold_40561?elem=img&track=product,bluenile,245,Freshwater Cultured Pearl Floating Pendant
http://www.helzberg.com/product/earrings+2105544.do?sortby=bestSellersAscend,helzberg,100.00,Honora® Freshwater Cultured Pearl & Diamond Stud Earrings in Sterling Silver
http://www.bluenile.com/akoya-cultured-pearl-bracelet-18k-white-gold_50519?elem=img&track=product,bluenile,1495,Akoya Cultured Pearl and Diamond Bracelet
http://www.zales.com/cultured-freshwater-pearl-earrings-14k-white-gold-diamond-accents/product.jsp?productId=2088003,zales,239.99,Cultured Freshwater Pearl Earrings in 14K White Gold with Diamond Accents
http://www.bluenile.com/akoya-pearl-necklace_8163?elem=img&track=product,bluenile,2370,Premier Akoya Cultured Pearl Strand Necklace
http://www.helzberg.com/product/akoya+cultured+pearl+earrings+1901820.do?sortby=bestSellersAscend&page=2,helzberg,99.99,Akoya Cultured Pearl & Diamond Earrings in 14K Gold
http://www.helzberg.com/product/pearl+diamond+earrings+2010301.do?sortby=bestSellersAscend&page=3,helzberg,99.99,"Akoya Cultured Pearl & Diamond Earrings in 14K Gold, 5.5MM"
http://www.kay.com/en/kaystore/diamonds---gemstones/cultured-pearl-earrings-natural-white-sapphires-sterling-silver/100020/100020.100022.100034,kay,259.00,Cultured Pearl Earrings Natural White Sapphires Sterling Silver
http://www.kay.com/en/kaystore/diamonds---gemstones/cultured-pearl-earrings-14k-yellow-gold-393086309/100020/100020.100022.100034,kay,59.99,Cultured Pearl Earrings 14K Yellow Gold
http://www.zales.com/cultured-freshwater-pearl-white-topaz-stud-earrings-sterling-silver/product.jsp?productId=59111616,zales,87.20,12.0 - 13.0mm Cultured Freshwater Pearl and White Topaz Stud Earrings in Sterling Silver
http://www.helzberg.com/product/akoya+pearl+earrings+2009706.do?sortby=bestSellersAscend&page=2,helzberg,299.99,"Akoya Cultured Pearl & Diamond Earrings in 14K Gold, 7-7.5MM"
http://www.helzberg.com/product/earrings+2105544.do?sortby=bestSellersAscend&page=5,helzberg,100.00,Honora® Freshwater Cultured Pearl & Diamond Stud Earrings in Sterling Silver
http://www.bluenile.com/akoya-pearl-necklace_7358?elem=img&track=product,bluenile,3170,Premier Akoya Cultured Pearl Strand Necklace
http://www.helzberg.com/product/honora+pearl+earrings+1724120.do?sortby=bestSellersAscend&page=4,helzberg,275.00,"Honora® Freshwater Cultured Pearl & Diamond Earrings in 14K Gold, 6-6.5MM"
http://www.helzberg.com/product/pendant+2088645.do?sortby=bestSellersAscend&page=6,helzberg,59.99,Children's Freshwater Cultured Pearl & Cubic Zirconia Earrings in 14K Gold
http://www.helzberg.com/product/earrings+2086363.do?sortby=bestSellersAscend&page=6,helzberg,229.99,Black Freshwater Cultured Pearl & Diamond Stud Earrings in 14K Gold
http://www.bluenile.com/pearl-earrings-south-sea_13236?elem=img&track=product,bluenile,1290,South Sea Cultured Pearl and Diamond Stud Earrings
http://www.bluenile.com/akoya-cultured-pearl-bracelet-18k-white-gold_40936?elem=img&track=product,bluenile,735,Classic Akoya Cultured Pearl Bracelet
http://www1.macys.com/shop/product/belle-de-mer-pearl-earrings-14k-gold-cultured-freshwater-pearl-diamond-accent-stud-earrings?ID=405492&CategoryID=2905&LinkType=,macys,149.00,"Belle de Mer Pearl Earrings, 14k Gold Cultured Freshwater Pearl and Diamond Accent Stud Earrings"
http://www.bluenile.com/tahitian-pearl-bracelet-18k-white-gold_40789?elem=img&track=product,bluenile,2190,Tahitian Cultured Pearl Bracelet
http://www1.macys.com/shop/product/cultured-tahitian-black-pearl-8mm-diamond-1-10-ct.-t.w.-stud-earrings-in-14k-white-gold?ID=387246&CategoryID=2905&LinkType=,macys,499.00,Cultured Tahitian Black Pearl (8mm) and Diamond (1/10 ct. t.w.) Stud Earrings in 14k White Gold
http://www.helzberg.com/product/honora+pearl+earrings+1990721.do?sortby=bestSellersAscend,helzberg,269.99,Honora® Freshwater Cultured Pearl & 1/10 ct. tw. Diamond Earrings in Sterling Silver
http://www.bluenile.com/akoya-pearl-diamond-earrings-18k-white-gold_40947?elem=img&track=product,bluenile,600,Classic Akoya Cultured Pearl and Diamond Stud Earrings
http://www.helzberg.com/product/freshwater+cultured+pearl+earrings+1783551.do?sortby=bestSellersAscend,helzberg,99.99,Freshwater Cultured Pearl & Lab-Created White Sapphire Earrings in Sterling Silver
http://www.helzberg.com/product/horona%26%238482-+freshwater+pearl+earrings+1819678.do?sortby=bestSellersAscend&page=4,helzberg,370.00,Honora® Freshwater Cultured Pearl & Diamond Earrings in Sterling Silver
http://www.bluenile.com/freshwater-pearl-diamond-earrings_40765?elem=img&track=product,bluenile,215,Freshwater Cultured Pearl and Diamond Stud Earrings
http://www1.macys.com/shop/product/cultured-freshwater-pearl-6mm-diamond-1-4-ct.-t.w.-stud-earrings-in-14k-white-gold?ID=1789610&CategoryID=2905&LinkType=,macys,499.00,Cultured Freshwater Pearl (6mm) and Diamond (1/4 ct. t.w.) Stud Earrings in 14k White Gold
http://www.kay.com/en/kaystore/diamonds---gemstones/cultured-pearl-earrings-1-4-ct-tw-diamonds-sterling-silver/100020/100020.100022.100034,kay,379.00,Cultured Pearl Earrings 1/4 ct tw Diamonds Sterling Silver
http://www.zales.com/pink-cultured-freshwater-pearl-lab-created-white-sapphire-earrings-sterling-silver/product.jsp?productId=32406456,zales,129.99,6.5 - 7.0mm Pink Cultured Freshwater Pearl and Lab-Created White Sapphire Earrings in Sterling Silver
http://www.zales.com/cultured-freshwater-pearl-lab-created-white-sapphire-loop-earrings-sterling-silver/product.jsp?productId=34650246,zales,94.99,5.5 - 6.0mm Cultured Freshwater Pearl and Lab-Created White Sapphire Loop Earrings in Sterling Silver
http://www.zales.com/cultured-freshwater-pearl-earrings-sterling-silver/product.jsp?productId=21068476,zales,79.20,13.0 - 14.0mm Cultured Freshwater Pearl Earrings in Sterling Silver
http://www.zales.com/diamond-fascination-14k-white-gold-cultured-freshwater-pearl-earrings/product.jsp?productId=4343331,zales,103.20,Diamond Fascination 14K White Gold Cultured Freshwater Pearl Earrings
http://www.zales.com/cultured-freshwater-pearl-diamond-frame-stud-earrings-10k-white-gold/product.jsp?productId=12079685,zales,303.20,8 - 8.5mm Cultured Freshwater Pearl and 1/10 CT. T.W. Diamond Frame Stud Earrings in 10K White Gold
http://www.zales.com/cultured-freshwater-pearl-white-topaz-stud-earrings-sterling-silver/product.jsp?productId=10832080,zales,103.20,9.0mm Cultured Freshwater Pearl and White Topaz Stud Earrings in Sterling Silver
http://www1.macys.com/shop/product/10k-gold-earrings-cultured-freshwater-pearl-diamond-accent?ID=472943&CategoryID=2905&LinkType=,macys,250.00,"10k Gold Earrings, Cultured Freshwater Pearl and Diamond Accent"
http://www.zales.com/cultured-freshwater-pearl-lab-created-white-sapphire-frame-stud-earrings-sterling-silver/product.jsp?productId=34264106,zales,59.99,4.5 - 5.0mm Cultured Freshwater Pearl and Lab-Created White Sapphire Frame Stud Earrings in Sterling Silver
http://www.bluenile.com/akoya-cultured-pearl-diamond-earrings-18k-white-gold-stud_40948?elem=img&track=product,bluenile,875,Classic Akoya Cultured Pearl and Diamond Stud Earrings
http://www1.macys.com/shop/product/cultured-freshwater-pearl-9mm-jade-12mm-stud-earrings-in-sterling-silver?ID=1818494&CategoryID=2905&LinkType=,macys,150.00,Cultured Freshwater Pearl (9mm) and Jade (12mm) Stud Earrings in Sterling Silver
http://www1.macys.com/shop/product/10k-white-gold-earrings-cultured-freshwater-pearl-diamond-1-8-ct.-t.w.?ID=399558&CategoryID=2905&LinkType=,macys,499.00,"10k White Gold Earrings, Cultured Freshwater Pearl and Diamond (1/8 ct. t.w.)"
http://www.bluenile.com/freshwater-pearl-white-topaz-earrings-sterling-silver_45067?elem=img&track=product,bluenile,99,Freshwater Cultured Pearl and White Topaz Earrings
http://www.bluenile.com/sapphire-pearl-halo-earrings_51023?elem=img&track=product,bluenile,345,Sapphire and Freshwater Cultured Pearl Halo Stud Earrings
http://www.bluenile.com/14k-white-gold-freshwater-diamond-earrings_52766?elem=img&track=product,bluenile,695,Freshwater Cultured Pearl and Diamond Stud Earrings
http://www.zales.com/cultured-freshwater-pearl-diamond-accent-drop-earrings-rose-rhodium-plated-sterling-silver/product.jsp?productId=49817936,zales,183.20,8.0 - 8.5mm Cultured Freshwater Pearl and Diamond Accent Drop Earrings in Rose Rhodium Plated Sterling Silver
http://www.bluenile.com/freshwater-pearl-white-topaz-vintage-halo-milgrain-silver_45063?elem=img&track=product,bluenile,85,Vintage-Inspired Freshwater Cultured Pearl and White Topaz Halo Earrings
http://www.zales.com/cultured-freshwater-pearl-diamond-accent-drop-earrings-sterling-silver/product.jsp?productId=49816916,zales,183.20,8.0 - 8.5mm Cultured Freshwater Pearl and Diamond Accent Drop Earrings in Sterling Silver
http://www.bluenile.com/tahitian-halo-earrings-14k-white-gold_50770?elem=img&track=product,bluenile,1095,Tahitian Cultured Pearl and Diamond Halo Stud Earrings
http://www.kay.com/en/kaystore/diamonds---gemstones/cultured-pearl-earrings-white-sapphire-14k-gold-sterling-silver/100020/100020.100022.100034,kay,299.99,Cultured Pearl Earrings White Sapphire Sterling Silver/14K Gold
http://www.zales.com/cultured-freshwater-pearl-fashion-earrings-10k-gold-diamond-bezel/product.jsp?productId=4447377,zales,279.99,Cultured Freshwater Pearl Fashion Earrings in 10K Gold with Diamond Bezel
http://www.zales.com/cultured-freshwater-pearl-sapphire-drop-earrings-14k-gold/product.jsp?productId=12937754,zales,143.20,9.0-9.5mm Cultured Freshwater Pearl and Sapphire Drop Earrings in 14K Gold
http://www.bluenile.com/south-sea-pearl-earrings_50518?elem=img&track=product,bluenile,1195,South Sea Cultured Pearl and Diamond Halo Stud Earrings
http://www.bluenile.com/14k-white-gold-halo-pearl-earrings_52768?elem=img&track=product,bluenile,1295,Freshwater Cultured Pearl and Diamond Halo Earrings
http://www.bluenile.com/twisted-cultured-pearl-earrings-14k-rose-gold_48326?elem=img&track=product,bluenile,145,Freshwater Cultured Pearl Roped Stud Earrings
http://www.bluenile.com/cultured-pearl-and-diamond-halo-earrings-white-gold_41721?elem=img&track=product,bluenile,1725,Freshwater Cultured Pearl and Diamond Halo Stud Earrings
http://www.zales.com/cultured-freshwater-pearl-bead-drop-earrings-sterling-silver-14k-gold-plate/product.jsp?productId=61552286,zales,64.99,8.5 - 9.5mm Cultured Freshwater Pearl and Bead Drop Earrings in Sterling Silver with 14K Gold Plate
http://www.zales.com/oval-shaped-cultured-freshwater-pearl-diamond-accent-stick-drop-earrings-sterling-silver/product.jsp?productId=10841681,zales,29.99,7.5-8.0mm Oval-Shaped Cultured Freshwater Pearl and Diamond Accent Stick Drop Earrings in Sterling Silver
http://www.bluenile.com/sapphire-akoya-pearl-18k-white-gold-earrings_6183?elem=img&track=product,bluenile,415,Akoya Cultured Pearl and Sapphire Drop Earrings
http://www1.macys.com/shop/product/cultured-freshwater-pearl-8mm-diamond-accent-earrings-in-14k-gold?ID=1916501&CategoryID=2905&LinkType=,macys,150.00,Cultured Freshwater Pearl (8mm) and Diamond Accent Earrings in 14k Gold
http://www.bluenile.com/akoya-pearl-diamond-earrings_5082?elem=img&track=product,bluenile,1095,Akoya Cultured Pearl and Diamond Drop Earrings
http://www.zales.com/cultured-freshwater-pearl-diamond-accent-drop-earrings-sterling-silver/product.jsp?productId=4350233,zales,39.20,8.5-9.0mm Cultured Freshwater Pearl and Diamond Accent Drop Earrings in Sterling Silver
http://www1.macys.com/shop/product/belle-de-mer-14k-white-gold-earrings-diamond-1-4-ct.-t.w.-cultured-freshwater-pearl-drop-8mm?ID=217820&CategoryID=2905&LinkType=,macys,499.00,"Belle de Mer 14k White Gold Earrings, Diamond (1/4 ct. t.w.) and Cultured Freshwater Pearl Drop (8mm)"
http://www1.macys.com/shop/product/belle-de-mer-pearl-cultured-freshwater-pearl-9mm-diamond-1-4-ct.-t.w.-earrings-in-14k-white-gold?ID=597326&CategoryID=2905&LinkType=,macys,649.00,Belle de Mer Pearl Cultured Freshwater Pearl (9mm) and Diamond (1/4 ct. t.w.) Earrings in 14k White Gold
http://www.zales.com/cultured-freshwater-pearl-white-topaz-drop-earrings-sterling-silver/product.jsp?productId=42620456,zales,79.20,7.0mm Cultured Freshwater Pearl and White Topaz Drop Earrings in Sterling Silver
http://www.zales.com/cultured-freshwater-pearl-diamond-cut-bead-drop-earrings-sterling-silver/product.jsp?productId=11511114,zales,47.20,9.0-9.5mm Cultured Freshwater Pearl and Diamond-Cut Bead Drop Earrings in Sterling Silver
http://www.zales.com/coin-cultured-freshwater-pearl-drop-earrings-sterling-silver/product.jsp?productId=33395816,zales,63.20,14.0 - 14.5mm Coin Cultured Freshwater Pearl Drop Earrings in Sterling Silver
http://www.zales.com/cultured-freshwater-pearl-princess-cut-swiss-blue-topaz-drop-earrings-sterling-silver/product.jsp?productId=33631526,zales,63.20,6.0mm Cultured Freshwater Pearl and Princess-Cut Swiss Blue Topaz Drop Earrings in Sterling Silver
http://www.zales.com/cranberry-cultured-freshwater-pearl-drop-earrings-14k-gold/product.jsp?productId=3355055,zales,63.20,6.5-7.0mm Cranberry Cultured Freshwater Pearl Drop Earrings in 14K Gold
http://www.kay.com/en/kaystore/diamonds---gemstones/cultured-pearl-earrings-sterling-silver-360565004--1/100020/100020.100022.100034,kay,49.99,Cultured Pearl Earrings Sterling Silver
http://www.bluenile.com/tahitian-pearl-diamond-earrings_5083?elem=img&track=product,bluenile,1260,Tahitian Cultured Pearl and Diamond Drop Earrings
http://www.zales.com/cultured-freshwater-pearl-white-sapphire-three-stone-drop-earrings-sterling-silver/product.jsp?productId=11027976,zales,79.20,Cultured Freshwater Pearl and White Sapphire Three Stone Drop Earrings in Sterling Silver
http://www.helzberg.com/product/honora+pearl+earrings+1724253.do?sortby=bestSellersAscend,helzberg,50.00,Honora® Freshwater Cultured Pearl Dangle Earrings in Sterling Silver
http://www.helzberg.com/product/honora+button+earrings+m902408.do?sortby=bestSellersAscend,helzberg,42.00,Honora® 10-11MM Freshwater Cultured Pearl Button Drop Earrings in Sterling Silver
http://www.helzberg.com/product/earrings+2086307.do?sortby=bestSellersAscend&page=6,helzberg,419.99,Black Tahitian Cultured Pearl Hoop Earrings in 14K Gold
http://www.kay.com/en/kaystore/diamonds---gemstones/cultured-pearl-earrings-1-20-ct-tw-diamonds-sterling-silver-360592707--1/100020/100020.100022.100034,kay,69.99,Cultured Pearl Earrings 1/20 ct tw Diamonds Sterling Silver
http://www.kay.com/en/kaystore/diamonds---gemstones/cultured-pearl-earrings-10k-yellow-gold/100020/100020.100022.100034,kay,149.00,Cultured Pearl Earrings 10K Yellow Gold
http://www.helzberg.com/product/earrings+2086356.do?sortby=bestSellersAscend&page=6,helzberg,499.99,Golden South Sea Cultured Pearl Hoop Earrings in 14K Gold
http://www.kay.com/en/kaystore/diamonds---gemstones/tahitian-pearl-earrings-1-8-ct-tw-diamonds-14k-white-gold/100020/100020.100022.100034,kay,619.00,Tahitian Cultured Pearls 1/8 ct tw Diamonds 14K Gold Earrings
http://www.bluenile.com/akoya-pearl-earrings_901?elem=img&track=product,bluenile,345,Akoya Cultured Pearl Drop Earrings
http://www.kay.com/en/kaystore/diamonds---gemstones/cultured-pearl-earrings-cubic-zirconia-sterling-silver-360615203--1/100020/100020.100022.100034,kay,119.00,Cultured Pearl Earrings Cubic Zirconia Sterling Silver
http://www.kay.com/en/kaystore/diamonds---gemstones/cultured-pearl-earrings-diamond-accent-sterling-silver-360595502/100020/100020.100022.100034,kay,289.00,Cultured Pearl Earrings Diamond Accents 10K White Gold
http://www1.macys.com/shop/product/cultured-freshwater-pearl-earrings-in-14k-gold-10mm?ID=1264684&CategoryID=2905&LinkType=,macys,150.00,Cultured Freshwater Pearl Earrings in 14k Gold (10mm)
http://www.kay.com/en/kaystore/diamonds---gemstones/cultured-pearl-earrings-1-8-ct-tw-diamonds-14k-white-gold/100020/100020.100022.100034,kay,799.00,Cultured Pearl Earrings 1/8 ct tw Diamonds 14K White Gold
http://www.kay.com/en/kaystore/diamonds---gemstones/cultured-pearl-earrings-sterling-silver-360593800/100020/100020.100022.100034,kay,629.00,Cultured Pearl Earrings 14K White Gold
http://www1.macys.com/shop/product/pearl-earrings-sterling-silver-tahitian-cultured-pearl-leverback-drop-8mm?ID=549141&CategoryID=2905&LinkType=,macys,129.00,"Pearl Earrings, Sterling Silver Tahitian Cultured Pearl Leverback Drop (8mm)"
http://www1.macys.com/shop/product/pearl-earrings-14k-white-gold-cultured-tahitian-pearl-drop-earrings-8mm?ID=558595&CategoryID=2905&LinkType=,macys,299.00,"Pearl Earrings, 14k White Gold Cultured Tahitian Pearl Drop Earrings (8mm)"
http://www.kay.com/en/kaystore/diamonds---gemstones/true-culture-earrings-sterling-silver-50713870199--1/100020/100020.100022.100034,kay,49.99,Cultured Pearl Earrings Sterling Silver
http://www.bluenile.com/tahitian-pearl-earrings_6701?elem=img&track=product,bluenile,460,Tahitian Cultured Pearl Drop Earrings
http://www1.macys.com/shop/product/white-topaz-1-ct.-t.w.-cultured-freshwater-pearl-7mm-hoop-earrings-in-sterling-silver?ID=1850999&CategoryID=2905&LinkType=,macys,100.00,White Topaz (1 ct. t.w.) and Cultured Freshwater Pearl (7mm) Hoop Earrings in Sterling Silver
http://www.bluenile.com/freshwater-pearl-earrings_6542?elem=img&track=product,bluenile,65,Freshwater Cultured Pearl Drop Earrings
http://www1.macys.com/shop/product/jody-coyote-sterling-silver-earrings-white-crystal-pearl-8mm-drop-earrings?ID=1013161&CategoryID=2905&LinkType=,macys,20.00,"Jody Coyote Sterling Silver Earrings, White Crystal Pearl (8mm) Drop Earrings"
http://www.bluenile.com/tahitian-pearl-diamond-earrings_6211?elem=img&track=product,bluenile,1295,Tahitian Cultured Pearl and Diamond Drop Earrings
http://www1.macys.com/shop/product/cultured-freshwater-pearl-double-drop-earrings-in-14k-gold-6-8mm?ID=1850972&CategoryID=2905&LinkType=,macys,229.00,Cultured Freshwater Pearl Double Drop Earrings in 14k Gold (6-8mm)
http://www.bluenile.com/white-topaz-cultured-pearl-silver-hoop-earrings_25781?elem=img&track=product,bluenile,155,Freshwater Cultured Pearl and White Topaz Hoop Earrings
http://www.bluenile.com/freshwater-white-topaz-drop-earrings-sterling-silver_45062?elem=img&track=product,bluenile,50,Freshwater Cultured Pearl and White Topaz Drop Earrings
http://www.bluenile.com/akoya-pearl-diamond-earrings_5804?elem=img&track=product,bluenile,895,Akoya Cultured Pearl and Pavé Diamond Hoop Earrings
http://www.helzberg.com/product/earrings+2088631.do?sortby=bestSellersAscend&page=2,helzberg,39.99,Children's Freshwater Cultured Pearl Hoop Earrings in 14K Gold
http://www.bluenile.com/tahitian-pearl-diamond-earrings_50499?elem=img&track=product,bluenile,5500,Tahitian Cultured Pearl Diamond Hoop Earrings
http://www.bluenile.com/sapphire-pearl-hoop-14k-white-gold_51022?elem=img&track=product,bluenile,375,Sapphire and Freshwater Cultured Pearl Hoop Earrings
http://www.bluenile.com/akoya-pearl-diamond-earrings_8610?elem=img&track=product,bluenile,1495,Premier Akoya Cultured Pearl and Diamond Earrings
http://www.bluenile.com/pink-sapphire-hoop-earrings_51021?elem=img&track=product,bluenile,236,Pink Sapphire and Freshwater Cultured Pearl Hoop Earrings
http://www.zales.com/cultured-freshwater-pearl-hoop-earrings-sterling-silver/product.jsp?productId=33396386,zales,47.20,5.0 - 5.5mm Cultured Freshwater Pearl Hoop Earrings in Sterling Silver
http://www.zales.com/pink-cultured-freshwater-pearl-lab-created-white-sapphire-pendant-sterling-silver/product.jsp?productId=32406446,zales,129.99,7.5 - 8.0mm Pink Cultured Freshwater Pearl and Lab-Created White Sapphire Pendant in Sterling Silver
http://www.bluenile.com/14k-white-gold-freshwater-blue-topaz-earrings_52785?elem=img&track=product,bluenile,245,Freshwater Cultured Pearl and Blue Topaz Drop Earrings 14k White Gold
http://www.zales.com/cultured-freshwater-pearl-pendant-10k-gold-diamond-bezel/product.jsp?productId=4447458,zales,199.99,Cultured Freshwater Pearl Pendant in 10K Gold with Diamond Bezel
http://www.bluenile.com/14k-white-gold-freshwater-amethyst-earrings_52786?elem=img&track=product,bluenile,245,Freshwater Cultured Pearl and Amethyst Drop Earrings 14k White Gold
http://www.bluenile.com/tahitian-cultured-pearl-and-diamond-earrings_39923?elem=img&track=product,bluenile,860,Tahitian Cultured Pearl and Diamond Cluster Earrings
http://www.helzberg.com/product/freshwater+cultured+pearl+pendant+1846579.do?sortby=bestSellersAscend&page=4,helzberg,139.99,Freshwater Cultured Pearl & Diamond Pendant in Sterling Silver
http://www.helzberg.com/product/pearl+pendant+1913217.do?sortby=bestSellersAscend&page=3,helzberg,199.99,Honora® Freshwater Cultured Pearl & 1/10 ct. tw. Diamond Pendant in Sterling Silver
http://www.zales.com/cultured-freshwater-pearl-diamond-accent-pendant-10k-white-gold/product.jsp?productId=12196087,zales,207.20,"8.0 -8.5mm Cultured Freshwater Pearl and Diamond Accent Pendant in 10K White Gold - 17"""
http://www.bluenile.com/roped-pearl-earrings_50777?elem=img&track=product,bluenile,845,Freshwater Cultured Pearl and Diamond Roped Earrings
http://www.helzberg.com/product/freshwater+cultured+pearl+pendant+1753669.do?sortby=bestSellersAscend&page=5,helzberg,99.99,June Freshwater Cultured Pearl & Lab-Created White Sapphire Birthstone Pendant in Sterling Silver
http://www.zales.com/cultured-freshwater-pearl-diamond-accent-flower-frame-pendant-sterling-silver/product.jsp?productId=10841675&page=2&kpc=1,zales,103.20,9.0-9.5mm Cultured Freshwater Pearl and Diamond Accent Flower Frame Pendant in Sterling Silver
http://www.kay.com/en/kaystore/diamonds---gemstones/cultured-pearl-necklace-1-20-ct-tw-diamonds-sterling-silver/100020/100020.100022.100034,kay,139.00,Cultured Pearl Necklace 1/20 ct tw Diamonds Sterling Silver
http://www.bluenile.com/golden-south-sea-earrings-milgrain_51070?elem=img&track=product,bluenile,475,Golden South Sea Cultured Pearl and Diamond Drop Earrings
http://www.bluenile.com/14k-white-gold-freshwater-garnet-earrings_52787?elem=img&track=product,bluenile,245,Freshwater Cultured Pearl and Garnet Drop Earrings 14k White Gold
http://www.bluenile.com/akoya-hoop-earrings_50769?elem=img&track=product,bluenile,595,Akoya Cultured Pearl and Diamond Hoop Earrings
http://www.kay.com/en/kaystore/diamonds---gemstones/cultured-pearl-necklace-1-8-ct-tw-diamonds-sterling-silver-360566905/100020/100020.100022.100034,kay,219.00,Cultured Pearl Necklace 1/8 ct tw Diamonds Sterling Silver
http://www1.macys.com/shop/product/cultured-freshwater-pearl-diamond-accent-pendant-necklace-in-10k-white-gold?ID=727175&CategoryID=2905&LinkType=,macys,499.00,Cultured Freshwater Pearl and Diamond Accent Pendant Necklace in 10k White Gold
http://www.bluenile.com/south-sea-diamond-earrings_50766?elem=img&track=product,bluenile,2195,South Sea Cultured Pearl and Diamond Hoop Earrings
http://www.helzberg.com/product/honora+rose+pendant+1990231.do?sortby=bestSellersAscend&page=4,helzberg,269.99,Honora™ Freshwater Cultured Pearl & Diamond Pendant in Sterling Silver
http://www.bluenile.com/tahitian-diamond-pendant_51113?elem=img&track=product,bluenile,895,Tahitian Cultured Pearl and Diamond Halo Pendant
http://www.bluenile.com/twisted-cultured-pearl-pendant-14k-rose-gold_48327?elem=img&track=product,bluenile,195,Freshwater Cultured Pearl Twisted Pendant
http://www.bluenile.com/freshwater-pearl-diamond-halo-pendant_52770?elem=img&track=product,bluenile,525,Freshwater Cultured Pearl and Diamond Halo Pendant
http://www.zales.com/cultured-freshwater-pearl-lab-created-white-sapphire-frame-pendant-sterling-silver/product.jsp?productId=34264026,zales,59.99,6.5 - 7.0mm Cultured Freshwater Pearl and Lab-Created White Sapphire Frame Pendant in Sterling Silver
http://www.bluenile.com/freshwater-pearl-white-topaz-silver-vintage-halo_45074?elem=img&track=product,bluenile,65,Freshwater Cultured Pearl and White Topaz Halo Pendant
http://www.zales.com/cultured-freshwater-pearl-diamond-accent-pendant-rose-rhodium-plated-sterling-silver/product.jsp?productId=50167956,zales,119.20,8.0 - 8.5mm Cultured Freshwater Pearl and Diamond Accent Pendant in Rose Rhodium Plated Sterling Silver
http://www.zales.com/pink-cultured-freshwater-pearl-lab-created-white-sapphire-pendant-14k-white-gold/product.jsp?productId=49817026,zales,183.20,9.0 - 9.5mm Pink Cultured Freshwater Pearl and Lab-Created White Sapphire Pendant in 14K White Gold
http://www.zales.com/cultured-freshwater-pearl-lab-created-white-sapphire-pendant-10k-white-gold/product.jsp?productId=32406496,zales,199.99,7.5 - 8.0mm Cultured Freshwater Pearl and Lab-Created White Sapphire Pendant in 10K White Gold
http://www.zales.com/cultured-freshwater-pearl-pendant-14k-white-gold-diamond-accents/product.jsp?productId=2088004,zales,239.99,Cultured Freshwater Pearl Pendant in 14K White Gold with Diamond Accents
http://www.zales.com/cultured-freshwater-pearl-pendant-10k-white-gold-diamond-accents/product.jsp?productId=10771721,zales,179.99,Cultured Freshwater Pearl Pendant in 10K White Gold with Diamond Accents
http://www.kay.com/en/kaystore/diamonds---gemstones/cultured-pearl-necklace-natural-white-sapphires-sterling-silver/100020/100020.100022.100034,kay,249.99,Cultured Pearl Necklace Natural White Sapphires Sterling Silver
http://www.zales.com/cultured-freshwater-pearl-smoky-quartz-lab-created-white-sapphire-pendant-sterling-silver/product.jsp?productId=32406626,zales,119.99,"8.0 - 8.5mm Cultured Freshwater Pearl, Smoky Quartz, and Lab-Created White Sapphire Pendant in Sterling Silver"
http://www.bluenile.com/halo-pearl-pendant_51112?elem=img&track=product,bluenile,895,Akoya Cultured Pearl and Diamond Halo Pendant
http://www.zales.com/cultured-tahitian-pearl-pendant-14k-white-gold-diamond-accent/product.jsp?productId=3590973,zales,295.20,8.0 - 9.0mm Cultured Tahitian Pearl Pendant in 14K White Gold with Diamond Accent
http://www.zales.com/cultured-freshwater-pearl-white-topaz-pendant-sterling-silver/product.jsp?productId=59111606,zales,63.20,12.0 - 13.0mm Cultured Freshwater Pearl and White Topaz Pendant in Sterling Silver
http://www.zales.com/cultured-freshwater-pearl-pendant-sterling-silver-diamond-accents/product.jsp?productId=3717693,zales,63.20,Cultured Freshwater Pearl Pendant in Sterling Silver with Diamond Accents
http://www.bluenile.com/14k-white-gold-freshwater-amethyst-pendant_52789?elem=img&track=product,bluenile,445,Freshwater Cultured Pearl and Amethyst Pendant 14k White Gold
http://www.zales.com/cultured-freshwater-pearl-diamond-accent-pendant-sterling-silver/product.jsp?productId=3629860,zales,47.20,5.0mm Cultured Freshwater Pearl and Diamond Accent Pendant in Sterling Silver
http://www.kay.com/en/kaystore/diamonds---gemstones/cultured-pearl-necklace-sterling-silver-360586806--1/100020/100020.100022.100034,kay,49.99,Cultured Pearl Necklace Sterling Silver
http://www.zales.com/cultured-freshwater-pearl-diamond-accent-pendant-sterling-silver/product.jsp?productId=54545136&page=2&kpc=1,zales,79.20,8.0 - 8.5mm Cultured Freshwater Pearl and Diamond Accent Pendant in Sterling Silver
http://www.zales.com/cultured-freshwater-pearl-diamond-accent-pendant-sterling-silver/product.jsp?productId=17576536,zales,87.20,8.0 - 8.5mm Cultured Freshwater Pearl and Diamond Accent Pendant in Sterling Silver
http://www.bluenile.com/14k-white-gold-freshwater-blue-topaz-pendant_52788?elem=img&track=product,bluenile,445,Freshwater Cultured Pearl and Blue Topaz Pendant 14k White Gold
http://www.zales.com/cultured-freshwater-pearl-diamond-accent-loop-pendant-sterling-silver/product.jsp?productId=54545126&page=2&kpc=1,zales,87.20,8.0 - 8.5mm Cultured Freshwater Pearl and Diamond Accent Loop Pendant in Sterling Silver
http://www.kay.com/en/kaystore/diamonds---gemstones/cultured-pearl-necklace-1-10-ct-tw-diamonds-sterling-silver-360593709--1/100020/100020.100022.100034,kay,89.99,Cultured Pearl Necklace 1/10 ct tw Diamonds Sterling Silver
http://www.zales.com/cultured-freshwater-pearl-diamond-accent-drop-pendant-sterling-silver/product.jsp?productId=4350234,zales,63.20,"8.5-9.0mm Cultured Freshwater Pearl and Diamond Accent Drop Pendant in Sterling Silver - 17"""
http://www.kay.com/en/kaystore/diamonds---gemstones/cultured-pearl-necklace-natural-white-sapphire-sterling-silver/100020/100020.100022.100034,kay,149.99,Cultured Pearl Necklace Natural White Sapphire Sterling Silver
http://www.zales.com/cultured-freshwater-pearl-princess-cut-swiss-blue-topaz-pendant-sterling-silver/product.jsp?productId=33631536&page=2&kpc=1,zales,79.20,7.0mm Cultured Freshwater Pearl and Princess-Cut Swiss Blue Topaz Pendant in Sterling Silver
http://www.kay.com/en/kaystore/diamonds---gemstones/cultured-pearl-necklace-1-10-ct-tw-diamonds-10k-white-gold/100020/100020.100022.100034,kay,479.00,Cultured Pearl Necklace 1/10 ct tw Diamonds 10K White Gold
http://www.bluenile.com/14k-white-gold-freshwater-garnet-pendant_52790?elem=img&track=product,bluenile,445,Freshwater Cultured Pearl and Garnet Pendant 14k White Gold
http://www.kay.com/en/kaystore/diamonds---gemstones/cultured-pearl-necklace-diamond-accent-10k-white-gold-360591200/100020/100020.100022.100034,kay,259.00,Cultured Pearl Necklace Diamond Accent 10K White Gold
http://www.kay.com/en/kaystore/diamonds---gemstones/cultured-pearl-necklace-1-10-ct-tw-diamonds-10k-white-gold-360592909/100020/100020.100022.100034,kay,289.00,Cultured Pearl Necklace 1/10 ct tw Diamonds 10K White Gold
http://www.kay.com/en/kaystore/diamonds---gemstones/cultured-pearl-necklace-diamond-accent-10k-white-gold-360592808--1/100020/100020.100022.100034,kay,229.00,Cultured Pearl Necklace Diamond Accent 10K White Gold
http://www.kay.com/en/kaystore/diamonds---gemstones/cultured-pearl-necklace-cubic-zirconia-sterling-silver/100020/100020.100022.100034,kay,179.00,Cultured Pearl Necklace Cubic Zirconia Sterling Silver
http://www.helzberg.com/product/necklace+2106938.do?sortby=bestSellersAscend,helzberg,100.00,Honora® Freshwater Cultured Pearl & Diamond Pendant in Sterling Silver
http://www.helzberg.com/product/akoya+cultured+pearl+pendant+1901834.do?sortby=bestSellersAscend,helzberg,149.99,Akoya Cultured Pearl & Diamond Pendant in 14K Gold
http://www.helzberg.com/product/akoya+cultured+pearl+pendant+1901827.do?sortby=bestSellersAscend&page=4,helzberg,129.99,Akoya Cultured Pearl & Diamond Pendant in 14K Gold
http://www.helzberg.com/product/pearl+diamond+pendant+2010294.do?sortby=bestSellersAscend&page=3,helzberg,99.99,Akoya Cultured Pearl & Diamond Pendant in 14K Gold
http://www.kay.com/en/kaystore/diamonds---gemstones/black-cultured-pearl-sterling-silver-necklace/100020/100020.100022.100034,kay,199.00,Black Cultured Pearl Sterling Silver Necklace
http://www.helzberg.com/product/pendant+2065255.do?sortby=bestSellersAscend&page=5,helzberg,450.00,Honora® Tahitian Cultured Pearl & Diamond Pendant in Sterling Silver
http://www.bluenile.com/tahitian-pearl-diamond-pendant-18k-white-gold_40799?elem=img&track=product,bluenile,760,Tahitian Cultured Pearl and Diamond Pendant
http://www.bluenile.com/tahitian-pearl-diamond-pendant-18k-white-gold_40800?elem=img&track=product,bluenile,1140,Tahitian Cultured Pearl and Diamond Pendant
http://www.kay.com/en/kaystore/diamonds---gemstones/cultured-pearl-necklace-diamond-accent-14k-yellow-gold-360595007/100020/100020.100022.100034,kay,569.00,Cultured Pearl Necklace Diamond Accent 14K Yellow Gold
http://www.helzberg.com/product/pearl+pendant+2069497.do?sortby=bestSellersAscend&page=5,helzberg,219.99,Freshwater Cultured Pearl & Diamond Pendant in 14K Gold
http://www.helzberg.com/product/pendant+2088659.do?sortby=bestSellersAscend&page=6,helzberg,59.99,Children's Freshwater Cultured Pearl & Cubic Zirconia Pendant in 14K Gold
http://www.helzberg.com/product/pendant+2086321.do?sortby=bestSellersAscend&page=4,helzberg,149.99,Freshwater Cultured Pearl & Diamond Pendant in 14K Gold
http://www.helzberg.com/product/pearl+pendant+2071702.do?sortby=bestSellersAscend&page=6,helzberg,199.99,Tahitian Cultured Pearl & Diamond Pendant in 14K Gold
http://www.kay.com/en/kaystore/diamonds---gemstones/black-cultured-pearl-white-topaz-sterling-silver-necklace/100020/100020.100022.100034,kay,229.00,Black Cultured Pearl White Topaz Sterling Silver Necklace
http://www.kay.com/en/kaystore/diamonds---gemstones/cultured-pearl-necklace-diamond-accents-14k-yellow-gold/100020/100020.100022.100034,kay,587.30,Cultured Pearl Necklace Diamond Accents 14K Yellow Gold
http://www.kay.com/en/kaystore/diamonds---gemstones/cultured-pearl-necklace-white-topaz-sterling-silver-360573202--1/100020/100020.100022.100034,kay,209.00,Cultured Pearl Necklace White Topaz Sterling Silver
http://www.kay.com/en/kaystore/diamonds---gemstones/cultured-pearl-necklace-white-topaz-sterling-silver-360572402--1/100020/100020.100022.100034,kay,329.00,Cultured Pearl Necklace White Topaz Sterling Silver
http://www.kay.com/en/kaystore/diamonds---gemstones/black-cultured-pearl-diamond-accent-10k-white-gold/100020/100020.100022.100034,kay,419.00,Black Cultured Pearl Diamond Accent 10K White Gold
http://www1.macys.com/shop/product/cultured-freshwater-pearl-12mm-diamond-accent-pendant-necklace-in-sterling-silver?ID=1403661&CategoryID=2905&LinkType=,macys,87.50,Cultured Freshwater Pearl (12mm) and Diamond Accent Pendant Necklace in Sterling Silver
http://www1.macys.com/shop/product/tahitian-pearl-12-mm-diamond-1-5-ct.-t.w.-arch-pendant-necklace-in-14k-white-gold?ID=1491207&CategoryID=2905&LinkType=,macys,879.00,Tahitian Pearl (12 mm) and Diamond (1/5 ct. t.w.) Arch Pendant Necklace in 14k White Gold
http://www.bluenile.com/freshwater-pearl-white-topaz-pendant-sterling-silver_45073?elem=img&track=product,bluenile,50,Freshwater Cultured Pearl and White Topaz Pendant
http://www1.macys.com/shop/product/belle-de-mer-pearl-cultured-freshwater-pearl-6-1-2mm-diamond-accent-pendant-necklace-in-14k-gold?ID=405493&CategoryID=2905&LinkType=,macys,199.00,Belle de Mer Pearl Cultured Freshwater Pearl (6-1/2mm) and Diamond Accent Pendant Necklace in 14k Gold
http://www.bluenile.com/pearl-diamond-circle-pendant_50878?elem=img&track=product,bluenile,995,Akoya Cultured Pearl and Diamond Open Circle Pendant
http://www.helzberg.com/product/pendant+2086314.do?sortby=bestSellersAscend&page=6,helzberg,149.99,Black Freshwater Cultured Pearl & Diamond Pendant in 14K Gold
http://www.bluenile.com/freshwater-cultured-pearl-sterling-silver-pendant_23144?elem=img&track=product,bluenile,85,Freshwater Cultured Pearl Pendant
http://www.kay.com/en/kaystore/diamonds---gemstones/cultured-pearl-bangle-sterling-silver/100020/100020.100022.100034,kay,129.99,Cultured Pearl Bangle Sterling Silver
http://www.zales.com/cultured-freshwater-pearl-diamond-cut-beaded-bangle-sterling-silver/product.jsp?productId=11511129,zales,79.20,8.5-9.0mm Cultured Freshwater Pearl and Diamond-Cut Beaded Bangle in Sterling Silver
http://www.zales.com/cultured-freshwater-pearl-bypass-bangle-sterling-silver-14k-gold-diamond-accents/product.jsp?productId=4282424,zales,229.99,"7.0mm Cultured Freshwater Pearl Bypass Bangle in Sterling Silver and 14K Gold with Diamond Accents - 7.5"""
http://www.zales.com/cultured-freshwater-pearl-bead-strand-necklace-sterling-silver-14k-gold-plate/product.jsp?productId=61552266,zales,159.99,8.5 - 9.5mm Cultured Freshwater Pearl and Bead Strand Necklace in Sterling Silver with 14K Gold Plate
http://www.bluenile.com/golden-south-sea-pearl-pendant_51069?elem=img&track=product,bluenile,445,Golden South Sea Cultured Pearl and Diamond Pendant
http://www.zales.com/cultured-freshwater-pearl-bead-strand-bracelet-sterling-silver-14k-gold-plate/product.jsp?productId=61552276,zales,79.99,"8.5 - 9.5mm Cultured Freshwater Pearl and Bead Strand Bracelet in Sterling Silver with 14K Gold Plate - 7.25"""
http://www.bluenile.com/freshwater-pearl-diamond-pendant-14k-white-gold_40932?elem=img&track=product,bluenile,285,Freshwater Cultured Pearl and Diamond Pendant
http://www.zales.com/cultured-freshwater-pearl-necklace-sterling-silver-bead-accents/product.jsp?productId=3807130,zales,63.20,11.0-12.0mm Cultured Freshwater Pearl Necklace with Sterling Silver Bead Accents
http://www.kay.com/en/kaystore/diamonds---gemstones/cultured-pearl-bracelet-sterling-silver-350577906--1/100020/100020.100022.100034,kay,109.00,Cultured Pearl Bracelet Sterling Silver
http://www.helzberg.com/product/pearl+and+rondel+necklace+2057450.do?sortby=bestSellersAscend&page=3,helzberg,199.99,Freshwater Cultured Pearl & Sterling Silver Rondelle Bead Strand Necklace
http://www.kay.com/en/kaystore/diamonds---gemstones/cultured-pearl-bracelet-sterling-silver-350646600/100020/100020.100022.100034,kay,119.00,Cultured Pearl Bracelet Sterling Silver
http://www.bluenile.com/premier-akoya-pearl-diamond-pendant_7870?elem=img&track=product,bluenile,845,Premier Akoya Cultured Pearl and Diamond Pendant
http://www.kay.com/en/kaystore/diamonds---gemstones/cultured-pearl-necklace-sterling-silver-360564506--1/100020/100020.100022.100034,kay,249.00,Cultured Pearl Necklace Sterling Silver
http://www.bluenile.com/freshwater-cultured-pearl-pendant-14k-white-gold_40930?elem=img&track=product,bluenile,200,Freshwater Cultured Pearl Pendant
http://www.helzberg.com/product/pearl+bracelet+2057485.do?sortby=bestSellersAscend&page=3,helzberg,79.99,Freshwater Cultured Pearl Link Bracelet in Sterling Silver
http://www.bluenile.com/akoya-pearl-pendant-18k-white-gold_40949?elem=img&track=product,bluenile,295,Classic Akoya Cultured Pearl Pendant
http://www1.macys.com/shop/product/14k-gold-sterling-silver-cultured-freshwater-pearl-necklace?ID=324858&CategoryID=2905&LinkType=,macys,419.00,14k Gold & Sterling Silver Cultured Freshwater Pearl Necklace
http://www1.macys.com/shop/product/effy-cultured-freshwater-pearl-station-bracelet-5-1-2mm-in-14k-white-gold?ID=1229618&CategoryID=2905&LinkType=,macys,129.00,EFFY Cultured Freshwater Pearl Station Bracelet (5-1/2mm) in 14k White Gold
http://www.bluenile.com/akoya-cultured-pearl-pendant-18k-white-gold_40950?elem=img&track=product,bluenile,395,Classic Akoya Cultured Pearl Pendant
http://www.bluenile.com/premier-akoya-pearl-pendant-18k-white-gold_7867?elem=img&track=product,bluenile,520,Premier Akoya Cultured Pearl Pendant
http://www1.macys.com/shop/product/effy-cultured-freshwater-pearl-station-bracelet-5-1-2-6mm-in-14k-gold?ID=822176&CategoryID=2905&LinkType=,macys,129.00,EFFY Cultured Freshwater Pearl Station Bracelet (5-1/2-6mm) in 14k Gold
http://www.zales.com/cultured-freshwater-pearl-bracelet-sterling-silver/product.jsp?productId=10841721,zales,79.20,"8.5-9.5mm Cultured Freshwater Pearl Bracelet in Sterling Silver - 8.25"""
http://www.kay.com/en/kaystore/diamonds---gemstones/heart-charm-anklet-sterling-silver-10-length/100020/100020.100022.100034,kay,63.99,"Cultured Pearl Anklet Sterling Silver 10"" Length"
http://www1.macys.com/shop/product/effy-cultured-freshwater-pearl-station-bracelet-5-1-2-6mm-in-14k-rose-gold?ID=822177&CategoryID=2905&LinkType=,macys,129.00,EFFY Cultured Freshwater Pearl Station Bracelet (5-1/2-6mm) in 14k Rose Gold
http://www.zales.com/cultured-freshwater-pearl-station-bracelet-sterling-silver/product.jsp?productId=4350238,zales,29.99,"6.0-6.5mm Cultured Freshwater Pearl Station Bracelet in Sterling Silver - 7.25"""
http://www.zales.com/cultured-freshwater-pearl-station-bracelet-sterling-silver/product.jsp?productId=11511126,zales,39.20,"8.5-9.5mm Cultured Freshwater Pearl Station Bracelet in Sterling Silver - 7.5"""
http://www.kay.com/en/kaystore/diamonds---gemstones/cultured-pearl-bracelet-cubic-zirconia-sterling-silver-350678405--1/100020/100020.100022.100034,kay,239.00,Cultured Pearl Bracelet Cubic Zirconia Sterling Silver
http://www.zales.com/cultured-freshwater-pearl-double-strand-toggle-bracelet-sterling-silver/product.jsp?productId=4350235,zales,47.20,"6.0-6.5mm Cultured Freshwater Pearl Double-Strand Toggle Bracelet in Sterling Silver - 7.5"""
http://www.bluenile.com/freshwater-tincup-bracelet-in-14k-white-gol_41711?elem=img&track=product,bluenile,95,Freshwater Cultured Pearl Tincup Bracelet
http://www.zales.com/cultured-freshwater-pearl-three-strand-bracelet-box-clasp-sterling-silver/product.jsp?productId=11511123,zales,79.20,"6.0-7.0mm Cultured Freshwater Pearl Three Strand Bracelet with Box Clasp in Sterling Silver - 7.5"""
http://www.kay.com/en/kaystore/diamonds---gemstones/cultured-pearl-bracelet-1-6-ct-tw-diamonds-sterling-silver/100020/100020.100022.100034,kay,169.99,Cultured Pearl Bracelet 1/6 ct tw Diamonds Sterling Silver
http://www.helzberg.com/product/pearl+stretch+bracelet+2043694.do?sortby=bestSellersAscend&page=2,helzberg,119.99,Freshwater Cultured Pearl Stretch Bracelet in Sterling Silver
http://www1.macys.com/shop/product/sterling-silver-bracelet-cultured-freshwater-pearl-diamond-1-6-ct.-t.w.-bracelet?ID=605224&CategoryID=2905&LinkType=,macys,279.00,"Sterling Silver Bracelet, Cultured Freshwater Pearl and Diamond (1/6 ct. t.w.) Bracelet"
http://www.helzberg.com/product/bracelet+2090836.do?sortby=bestSellersAscend&page=6,helzberg,129.99,Freshwater Cultured Pearl Bracelet in Sterling Silver
http://www.zales.com/double-strand-keshi-cultured-freshwater-pearl-bracelet-sterling-silver-barrel-clasp/product.jsp?productId=3364934,zales,79.20,Double Strand Keshi Cultured Freshwater Pearl Bracelet with Sterling Silver Barrel Clasp
http://www1.macys.com/shop/product/belle-de-mer-two-row-cultured-freshwater-pearl-strand-necklace-in-sterling-silver-9-1-2-10-1-2mm?ID=425489&CategoryID=2905&LinkType=,macys,149.00,Belle de Mer Two-Row Cultured Freshwater Pearl Strand Necklace in Sterling Silver (9-1/2-10-1/2mm)
http://www1.macys.com/shop/product/honora-style-cultured-freshwater-pearl-5-piece-stretch-bracelet-set-7-8mm?ID=1399357&CategoryID=2905&LinkType=,macys,49.00,Honora Style Cultured Freshwater Pearl 5-Piece Stretch Bracelet Set (7-8mm)
http://www1.macys.com/shop/product/pearl-bracelet-sterling-silver-cultured-freshwater-pearl-two-row-8-1-2-9-1-2mm?ID=540066&CategoryID=2905&LinkType=,macys,69.00,"Pearl Bracelet, Sterling Silver Cultured Freshwater Pearl Two Row (8-1/2-9-1/2mm)"
http://www1.macys.com/shop/product/belle-de-mer-cultured-freshwater-pearl-three-row-bracelet-in-14k-gold-5mm?ID=1491153&CategoryID=2905&LinkType=,macys,199.00,Belle de Mer Cultured Freshwater Pearl Three-Row Bracelet in 14k Gold (5mm)
http://www.bluenile.com/freshwater-triple-strand-bracelet_13176?elem=img&track=product,bluenile,115,Triple-Strand Baroque Freshwater Cultured Pearl Bracelet
http://www1.macys.com/shop/product/belle-de-mer-cultured-freshwater-pearl-five-row-bracelet-in-sterling-silver-6-7mm?ID=1633202&CategoryID=2905&LinkType=,macys,199.00,Belle de Mer Cultured Freshwater Pearl Five-Row Bracelet in Sterling Silver (6-7mm)
http://www.kay.com/en/kaystore/diamonds---gemstones/true-culture-bracelet-cultured-pearls-75-length/100020/100020.100022.100034,kay,119.00,"Cultured Pearl Bracelet 7.5"" Length"
http://www.bluenile.com/pearl-bracelet-freshwater_13216?elem=img&track=product,bluenile,395,Double-Strand Freshwater Cultured Pearl Bracelet
http://www.bluenile.com/freshwater-bracelet_50772?elem=img&track=product,bluenile,156,Triple-Strand Baroque Freshwater Cultured Pearl and Mother of Pearl Bracelet
http://www1.macys.com/shop/product/belle-de-mer-cultured-freshwater-pearl-two-row-bracelet-in-14k-gold-8-1-2mm?ID=1633201&CategoryID=2905&LinkType=,macys,399.00,Belle de Mer Cultured Freshwater Pearl Two-Row Bracelet in 14k Gold (8-1/2mm)
http://www.bluenile.com/freshwater-pearl-bracelet_52772?elem=img&track=product,bluenile,195,Triple-Strand Baroque Freshwater Cultured Pearl and Mother of Pearl Bracelet
http://www.helzberg.com/product/pearl+necklace+2057478.do?sortby=bestSellersAscend&page=2,helzberg,249.99,Freshwater Cultured Pearl Link Necklace in Sterling Silver
http://www.zales.com/cultured-freshwater-pearl-station-necklace-sterling-silver/product.jsp?productId=61552336,zales,79.99,4.5 - 5.0mm Cultured Freshwater Pearl Station Necklace in Sterling Silver
http://www.zales.com/cultured-freshwater-pearl-station-necklace-sterling-silver/product.jsp?productId=4350239,zales,63.20,"6.0-6.5mm Cultured Freshwater Pearl Station Necklace in Sterling Silver - 17"""
http://www.zales.com/cultured-freshwater-pearl-white-topaz-station-necklace-sterling-silver/product.jsp?productId=33395916,zales,63.20,8.0 - 8.5mm Cultured Freshwater Pearl and White Topaz Station Necklace in Sterling Silver
http://www1.macys.com/shop/product/14k-gold-cultured-freshwater-pearl-5mm-diamond-accent-bracelet?ID=18525&CategoryID=2905&LinkType=,macys,219.00,14k Gold Cultured Freshwater Pearl (5mm) & Diamond Accent Bracelet
http://www.helzberg.com/product/pearl+necklace+1906874.do?sortby=bestSellersAscend&page=3,helzberg,300.00,Honora® Freshwater Cultured Pearl Necklace in Sterling Silver
http://www.zales.com/cultured-freshwater-pearl-white-topaz-station-necklace-sterling-silver/product.jsp?productId=33395926&page=2&kpc=1,zales,79.20,"8.0 - 8.5mm Cultured Freshwater Pearl and White Topaz Station Necklace in Sterling Silver - 24"""
http://www.helzberg.com/product/freshwater+cultured+pearl+station+necklace+1883772.do?sortby=bestSellersAscend&page=4,helzberg,219.99,Freshwater Cultured Pearl Station Necklace in Sterling Silver
http://www.bluenile.com/freshwater-bracelet_50773?elem=img&track=product,bluenile,156,Triple-Strand Baroque Freshwater Cultured Pearl and Mother of Pearl Bracelet
http://www.zales.com/cultured-freshwater-pearl-station-necklace-sterling-silver/product.jsp?productId=33395946&page=2&kpc=1,zales,103.20,"7.5 - 8.0mm Cultured Freshwater Pearl Station Necklace in Sterling Silver - 48"""
http://www.zales.com/cultured-freshwater-pearl-necklace-sterling-silver/product.jsp?productId=33724256&page=2&kpc=1,zales,103.20,"4.5 - 8.0mm Cultured Freshwater Pearl Necklace in Sterling Silver - 36"""
http://www1.macys.com/shop/product/effy-cultured-freshwater-pearl-station-necklace-in-14k-gold-5-1-2mm?ID=717658&CategoryID=2905&LinkType=,macys,219.00,EFFY Cultured Freshwater Pearl Station Necklace in 14k Gold (5-1/2mm)
http://www.kay.com/en/kaystore/diamonds---gemstones/cultured-pearl-necklace-sterling-silver-360551701--1/100020/100020.100022.100034,kay,109.00,Cultured Pearl Necklace Sterling Silver
http://www1.macys.com/shop/product/pearls-by-effy-cultured-freshwater-pearl-necklace-5-1-2mm-in-14k-white-gold?ID=830367&CategoryID=2905&LinkType=,macys,219.00,Pearls by EFFY Cultured Freshwater Pearl Necklace (5-1/2mm) in 14k White Gold
http://www1.macys.com/shop/product/effy-pink-cultured-freshwater-pearl-station-necklace-5-1-2mm-in-14k-rose-gold?ID=822178&CategoryID=2905&LinkType=,macys,209.00,EFFY Pink Cultured Freshwater Pearl Station Necklace (5-1/2mm) in 14k Rose Gold
http://www.helzberg.com/product/honora+pearl+necklace+2016559.do?sortby=bestSellersAscend&page=3,helzberg,299.99,Honora® Three-Row Freshwater Cultured Pearl Nesting Necklace in Sterling Silver
http://www.helzberg.com/product/pearl+necklace+2032715.do?sortby=bestSellersAscend,helzberg,49.99,Black Freshwater Cultured Pearl 2-Row Necklace
http://www.zales.com/cultured-freshwater-pearl-three-strand-necklace/product.jsp?productId=11094969,zales,111.20,8.0-8.5mm Cultured Freshwater Pearl Three Strand Necklace
http://www1.macys.com/shop/product/belle-de-mer-cultured-freshwater-pearl-four-row-strand-necklace-in-sterling-silver-6-8-1-2mm?ID=1496677&CategoryID=2905&LinkType=,macys,64.50,Belle de Mer Cultured Freshwater Pearl Four-Row Strand Necklace in Sterling Silver (6-8-1/2mm)
http://www1.macys.com/shop/product/cultured-freshwater-baroque-pearl-three-row-necklace-7-1-2-9-1-2mm-in-sterling-silver?ID=1305354&CategoryID=2905&LinkType=,macys,124.50,Cultured Freshwater Baroque Pearl Three-Row Necklace (7-1/2-9-1/2mm) in Sterling Silver
http://www.bluenile.com/freshwater-cultured-pearl-necklace-in-14k-white-gol_41725?elem=img&track=product,bluenile,195,Freshwater Cultured Pearl Tincup Stationed Necklace
http://www1.macys.com/shop/product/sterling-silver-cultured-freshwater-pearl-4-8mm-necklace-three-tier-tin-cup?ID=477831&CategoryID=2905&LinkType=,macys,149.00,"Sterling Silver Cultured Freshwater Pearl (4-8mm) Necklace, Three Tier Tin Cup"
http://www1.macys.com/shop/product/belle-de-mer-pearl-necklace-sterling-silver-cultured-freshwater-pearl-three-strand-necklace-4-8mm?ID=528195&CategoryID=2905&LinkType=,macys,199.00,"Belle de Mer Pearl Necklace, Sterling Silver Cultured Freshwater Pearl Three Strand Necklace (4-8mm)"
http://www1.macys.com/shop/product/cultured-freshwater-pearl-station-necklace-in-sterling-silver-3-1-2-9mm?ID=1759812&CategoryID=2905&LinkType=,macys,299.00,Cultured Freshwater Pearl Station Necklace in Sterling Silver (3-1/2-9mm)
http://www.zales.com/cultured-freshwater-pearl-diamond-accent-earrings-sterling-silver-14k-gold-plate/product.jsp?productId=32406536,zales,159.99,5.5 - 6.0mm Cultured Freshwater Pearl and Diamond Accent Earrings in Sterling Silver and 14K Gold Plate
http://www.bluenile.com/pearl-necklace_52775?elem=img&track=product,bluenile,125,Freshwater Cultured Pearl Necklace
http://www.zales.com/cultured-freshwater-pearl-lab-created-white-sapphire-frame-drop-earrings-sterling-silver/product.jsp?productId=12268264,zales,134.99,5.0 - 5.5mm Cultured Freshwater Pearl and Lab-Created White Sapphire Frame Drop Earrings in Sterling Silver
http://www.zales.com/cultured-freshwater-pearl-teardrop-earrings-sterling-silver/product.jsp?productId=12951973,zales,63.20,6.5-7.0mm Cultured Freshwater Pearl Teardrop Earrings in Sterling Silver
http://www.zales.com/cultured-freshwater-pearl-lab-created-white-sapphire-pendant-sterling-silver/product.jsp?productId=12268263,zales,119.99,7.5 - 8.0mm Cultured Freshwater Pearl and Lab-Created White Sapphire Pendant in Sterling Silver
http://www.zales.com/cultured-freshwater-pearl-diamond-accent-loop-pendant-sterling-silver/product.jsp?productId=4462448,zales,63.20,8.0mm Cultured Freshwater Pearl and Diamond Accent Loop Pendant in Sterling Silver
http://www1.macys.com/shop/product/belle-de-mer-14k-white-gold-necklace-cultured-freshwater-pearl-8mm-diamond-accent-teardrop-pendant?ID=570206&CategoryID=2905&LinkType=,macys,459.50,"Belle de Mer 14k White Gold Necklace, Cultured Freshwater Pearl (8mm) and Diamond Accent Teardrop Pendant"
http://www.kay.com/en/kaystore/diamonds---gemstones/cultured-pearl-earrings-1-5-ct-tw-diamonds-sterling-silver-990904005/100020/100020.100022.100034,kay,699.99,Neil Lane Designs Cultured Pearl Earrings Sterling Silver
http://www.kay.com/en/kaystore/diamonds---gemstones/cultured-pearl-necklace-1-5-ct-tw-diamonds-sterling-silver-990832709/100020/100020.100022.100034,kay,499.99,Neil Lane Designs Cultured Pearl Necklace Sterling Silver
http://www.zales.com/cultured-freshwater-pearl-white-topaz-pendant-sterling-silver-14k-gold/product.jsp?productId=33631446&page=2&kpc=1,zales,79.20,10.0mm Cultured Freshwater Pearl and White Topaz Pendant in Sterling Silver and 14K Gold
http://www.zales.com/cultured-freshwater-pearl-diamond-accent-pendant-sterling-silver/product.jsp?productId=59111626&page=2&kpc=1,zales,87.20,7.0 - 7.5mm Cultured Freshwater Pearl and Diamond Accent Pendant in Sterling Silver
http://www.helzberg.com/product/pearl+pendant+1903346.do?sortby=bestSellersAscend,helzberg,140.00,Honora® Freshwater Cultured Pearl Pendant in Sterling Silver
http://www.kay.com/en/kaystore/diamonds---gemstones/cultured-pearl-necklace-diamond-accents--sterling-silver/100020/100020.100022.100034,kay,429.00,Cultured Pearl Necklace Diamond Accents  Sterling Silver
http://www.kay.com/en/kaystore/diamonds---gemstones/cultured-pearl-earrings-cubic-zirconia-sterling-silver-360615607--1/100020/100020.100022.100034,kay,219.00,Cultured Pearl Necklace Cubic Zirconia Sterling Silver
http://www1.macys.com/shop/product/cultured-freshwater-pearl-7mm-diamond-accent-twist-pendant-necklace-in-14k-rose-gold?ID=1633207&CategoryID=2905&LinkType=,macys,264.50,Cultured Freshwater Pearl (7mm) and Diamond Accent Twist Pendant Necklace in 14k Rose Gold
http://www.helzberg.com/product/pearl+earrings+1903339.do?sortby=bestSellersAscend&page=2,helzberg,130.00,"Honora® Freshwater Cultured Pearl Earrings in Sterling Silver, 8.5MM"
http://www.helzberg.com/product/round+tahitian+pear+pendant+2069441.do?sortby=bestSellersAscend,helzberg,79.99,Tahitian Cultured Pearl Pendant in Sterling Silver
http://www.helzberg.com/product/sapphire+dangle+earrings+2057085.do?sortby=bestSellersAscend,helzberg,199.99,Freshwater Cultured Pearl & Lab-Created White Sapphire Dangle Earrings in Sterling Silver
http://www.helzberg.com/product/chinese+pearl+2065605.do?sortby=bestSellersAscend&page=5,helzberg,215.00,Honora® Freshwater Cultured Pearl Pendant & Earring Boxed Set in Sterling Silver
http://www.kay.com/en/kaystore/diamonds---gemstones/cultured-pearl-necklace-white-topaz-sterling-silver-360572705--1/100020/100020.100022.100034,kay,249.00,Cultured Pearl Necklace White Topaz Sterling Silver
http://www.kay.com/en/kaystore/diamonds---gemstones/cultured-pearl-earrings-diamond-accents-sterling-silver/100020/100020.100022.100034,kay,499.00,Cultured Pearl Earrings Diamond Accents Sterling Silver
http://www.helzberg.com/product/honora+pallini+pearl+necklace+1750714.do?sortby=bestSellersAscend&page=4,helzberg,350.00,Honora® Pallini Freshwater Cultured Pearl Toggle Necklace
http://www.helzberg.com/product/honora+pallini+pearl+earrings+1750721.do?sortby=bestSellersAscend&page=4,helzberg,99.99,Honora® Pallini Freshwater Cultured Pearl Dangle Earrings in Sterling Silver
http://www1.macys.com/shop/product/14k-white-gold-earrings-cultured-tahitian-pearl-11mm-diamond-3-4-ct.-t.w.-stud-earrings?ID=558596&CategoryID=2905&LinkType=,macys,1899.00,"14k White Gold Earrings, Cultured Tahitian Pearl (11mm) and Diamond (3/4 ct. t.w.) Stud Earrings"
http://www1.macys.com/shop/product/cultured-tahitian-pearl-9mm-diamond-1-4-ct.-t.w-pendant-necklace-in-14k-white-gold?ID=399758&CategoryID=2905&LinkType=,macys,1049.50,Cultured Tahitian Pearl (9mm) and Diamond (1/4 ct. t.w) Pendant Necklace in 14k White Gold
http://www.helzberg.com/product/necklace+2086335.do?sortby=bestSellersAscend&page=6,helzberg,99.99,Black Onyx & Freshwater Cultured Pearl Earrings in Sterling Silver
http://www1.macys.com/shop/product/14k-gold-sterling-silver-cultured-freshwater-pearl-diamond-accent-earrings?ID=358398&CategoryID=2905&LinkType=,macys,180.00,14k Gold & Sterling Silver Cultured Freshwater Pearl & Diamond Accent Earrings
http://www1.macys.com/shop/product/14k-white-gold-necklace-cultured-tahitian-pearl-12mm-diamond-1-2-ct.-t.w.-pendant?ID=558597&CategoryID=2905&LinkType=,macys,1349.00,"14k White Gold Necklace, Cultured Tahitian Pearl (12mm) and Diamond (1/2 ct. t.w.) Pendant"
http://www1.macys.com/shop/product/14k-white-gold-cultured-tahitian-pearl-diamond-1-6-ct.-t.w.-swirl-earrings?ID=387242&CategoryID=2905&LinkType=,macys,824.50,14k White Gold Cultured Tahitian Pearl & Diamond (1/6 ct. t.w.) Swirl Earrings
http://www1.macys.com/shop/product/genevieve-grace-sterilng-silver-earrings-marcasite-mother-of-pearl-clip-on-earrings?ID=700206&CategoryID=2905&LinkType=,macys,77.50,"Genevieve & Grace Sterilng Silver Earrings, Marcasite and Mother of Pearl Clip-On Earrings"
http://www1.macys.com/shop/product/14k-gold-necklace-golden-south-sea-pearl-11mm-diamond-1-10-ct.-t.w.-swirl-pendant?ID=813614&CategoryID=2905&LinkType=,macys,999.00,"14k Gold Necklace, Golden South Sea Pearl (11mm) and Diamond (1/10 ct. t.w.) Swirl Pendant"
http://www.helzberg.com/product/earrings+2072367.do?sortby=bestSellersAscend&page=2,helzberg,119.99,Freshwater Cultured Pearl & White Topaz Infinity Earrings in Sterling Silver
http://www.zales.com/cultured-freshwater-pearl-lab-created-white-sapphire-infinity-bracelet-sterling-silver/product.jsp?productId=34649696,zales,179.99,"5.5 - 6.0mm Cultured Freshwater Pearl and Lab-Created White Sapphire Infinity Bracelet in Sterling Silver - 7.75"""
http://www1.macys.com/shop/product/cultured-freshwater-pearl-9mm-diamond-accent-pendant-necklace-in-14k-gold?ID=1491154&CategoryID=2905&LinkType=,macys,249.00,Cultured Freshwater Pearl (9mm) and Diamond Accent Pendant Necklace in 14k Gold
http://www.zales.com/cultured-freshwater-pearl-drop-earrings-sterling-silver/product.jsp?productId=10841694,zales,29.99,8.5-9.5mm Cultured Freshwater Pearl Drop Earrings in Sterling Silver
http://www.zales.com/grey-white-cultured-freshwater-pearl-infinity-drop-earrings-sterling-silver/product.jsp?productId=34381216,zales,29.99,6.0 - 8.0mm Grey and White Cultured Freshwater Pearl Infinity Drop Earrings in Sterling Silver
http://www1.macys.com/shop/product/cultured-freshwater-pearl-9mm-diamond-accent-pendant-necklace-in-14k-white-gold?ID=2158308&CategoryID=2905&LinkType=,macys,449.00,Cultured Freshwater Pearl (9mm) and Diamond Accent Pendant Necklace in 14k White Gold
http://www.helzberg.com/product/pearl+earrings+2050974.do?sortby=bestSellersAscend&page=2,helzberg,79.99,Freshwater Cultured Pearl Twist Earrings in Sterling Silver
http://www.zales.com/cultured-freshwater-pearl-drop-earrings-sterling-silver/product.jsp?productId=11393514,zales,103.20,8.0mm Cultured Freshwater Pearl Drop Earrings in Sterling Silver
http://www.bluenile.com/freshwater-cultured-pearl-halo-pendant_44960?elem=img&track=product,bluenile,565,Freshwater Cultured Pearl Twisted Halo Pendant
http://www.helzberg.com/product/freshwater+cultured+pearl+earrings+1847923.do?sortby=bestSellersAscend&page=4,helzberg,129.99,Freshwater Cultured Pearl Earrings in Sterling Silver & 14K Gold
http://www.zales.com/pink-cultured-freshwater-pearl-diamond-accent-pendant-10k-rose-gold/product.jsp?productId=32406506,zales,299.99,7.5 - 8.0mm Pink Cultured Freshwater Pearl and Diamond Accent Pendant in 10K Rose Gold
http://www.zales.com/cultured-freshwater-pearl-diamond-accent-corkscrew-pendant-sterling-silver/product.jsp?productId=11027981,zales,63.20,7.5-8.0mm Cultured Freshwater Pearl and Diamond Accent Corkscrew Pendant in Sterling Silver
http://www.zales.com/cultured-freshwater-pearl-lab-created-white-sapphire-swirl-pendant-sterling-silver/product.jsp?productId=12761328,zales,63.20,7.0mm Cultured Freshwater Pearl and Lab-Created White Sapphire Swirl Pendant in Sterling Silver
http://www.helzberg.com/product/pearl+diamond+earrings+1997127.do?sortby=bestSellersAscend&page=4,helzberg,139.99,Freshwater Cultured Pearl & 1/3 ct. tw. Diamond Dangle Earrings in Sterling Silver & 14K Gold
http://www.bluenile.com/18k-gold-freshwater-infinity-halo-pendant_52756?elem=img&track=product,bluenile,1495,Freshwater Cultured Pearl Infinity Halo Pendant
http://www1.macys.com/shop/product/14k-gold-sterling-silver-earrings-cultured-freshwater-pearl-diamond-accent?ID=439915&CategoryID=2905&LinkType=,macys,199.00,"14k Gold and Sterling Silver Earrings, Cultured Freshwater Pearl and Diamond Accent"
http://www.zales.com/pink-cultured-freshwater-pearl-diamond-accent-earrings-10k-rose-gold/product.jsp?productId=32406516,zales,329.99,6.0 - 6.5mm Pink Cultured Freshwater Pearl and Diamond Accent Earrings in 10K Rose Gold
http://www.bluenile.com/freshwater-pearl-white-topaz-earrings-sterling-silver_45061?elem=img&track=product,bluenile,125,Vintage-Inspired Freshwater Cultured Pearl and White Topaz Earrings
http://www1.macys.com/shop/product/jody-coyote-sterling-silver-earrings-austrian-crystal-pearl-swirl-drop-earrings?ID=724359&CategoryID=2905&LinkType=,macys,20.00,"Jody Coyote Sterling Silver Earrings, Austrian Crystal Pearl Swirl Drop Earrings"
http://www.helzberg.com/product/honora+pearl+necklace+1851402.do?sortby=bestSellersAscend&page=4,helzberg,420.00,Honora® Black Tahitian Cultured Pearl & 1/10 ct. tw. Diamond Necklace in Sterling Silver
http://www.helzberg.com/product/honora+pearl+boxed+set+1814820.do?sortby=bestSellersAscend,helzberg,200.00,Honora® Freshwater Cultured Pearl Boxed Set in Sterling Silver
http://www.zales.com/cultured-freshwater-pearl-station-y-necklace-sterling-silver/product.jsp?productId=33724146,zales,63.20,"4.0 - 7.5mm Cultured Freshwater Pearl Station ""Y"" Necklace in Sterling Silver - 16"""
http://www.kay.com/en/kaystore/diamonds---gemstones/cultured-pearl-necklace-diamond-accent-sterling-silver-350585408/100020/100020.100022.100034,kay,129.00,Cultured Pearl Necklace Diamond Accent Sterling Silver
http://www.kay.com/en/kaystore/diamonds---gemstones/cultured-pearl-necklace-cubic-zirconia-sterling-silver-360614705--1/100020/100020.100022.100034,kay,219.00,Cultured Pearl Necklace Cubic Zirconia Sterling Silver
http://www.helzberg.com/product/honora+pearl+set+2011729.do?sortby=bestSellersAscend,helzberg,99.99,Honora® Girls Freshwater Cultured Pearl Set
http://www.zales.com/pink-cultured-pearl-pendant-sterling-silver/product.jsp?productId=12282179&page=2&kpc=1,zales,103.20,"8.0mm Pink Cultured Pearl Pendant in Sterling Silver - 17"""
http://www.helzberg.com/product/bracelet+2062343.do?sortby=bestSellersAscend,helzberg,69.99,Honora® Freshwater Cultured Pearl Stretch Bracelet Set
http://www.bluenile.com/14k-gold-freshwater-infinity-earrings_52752?elem=img&track=product,bluenile,425,Freshwater Cultured Pearl Roped Infinity Dangle Earrings
http://www.helzberg.com/product/boxed+set+2105446.do?sortby=bestSellersAscend&page=2,helzberg,100.00,"Honora® Freshwater Cultured Pearl Necklace, Bracelet & Earring Set in Sterling Silver"
http://www1.macys.com/shop/product/cultured-freshwater-pearl-diamond-accent-swirl-earrings-in-14k-gold?ID=548218&CategoryID=2905&LinkType=,macys,234.50,Cultured Freshwater Pearl and Diamond Accent Swirl Earrings in 14k Gold
http://www.helzberg.com/product/honora+pearl+bracelets+2050932.do?sortby=bestSellersAscend&page=2,helzberg,80.00,Honora® Freshwater Cultured Pearl Stretch Bracelet Set
http://www.zales.com/cultured-freshwater-pearl-diamond-accent-triple-drop-pendant-sterling-silver/product.jsp?productId=54545096&page=2&kpc=1,zales,95.20,6.0 - 8.5mm Cultured Freshwater Pearl and Diamond Accent Triple Drop Pendant in Sterling Silver
http://www.helzberg.com/product/pearl+set+2065745.do?sortby=bestSellersAscend&page=3,helzberg,250.00,Honora® Freshwater Cultured Pearl Strand Necklace & Stud Earring Set
http://www.helzberg.com/product/pearl+set+1929045.do?sortby=bestSellersAscend&page=2,helzberg,250.00,Honora® 4-Piece Freshwater Cultured Pearl Boxed Set in Sterling Silver
http://www.helzberg.com/product/boxed+set+2123418.do?sortby=bestSellersAscend&page=4,helzberg,120.00,Freshwater Cultured Pearl Boxed Set in Sterling Silver
http://www.helzberg.com/product/childrens+pearl+set+1922654.do?sortby=bestSellersAscend&page=3,helzberg,149.99,Honora® Girls Pink Freshwater Cultured Pearl Necklace & Earring Set in Sterling Silver
http://www.bluenile.com/tahitian-pearl-necklace_3428?elem=img&track=product,bluenile,840,Tahitian Cultured Pearl Triple Drop Necklace
http://www.helzberg.com/product/boxed+set+2092551.do?sortby=bestSellersAscend&page=6,helzberg,1600.00,Honora® Akoya Cultured Pearl Strand Necklace & Stud Earring Boxed Set in 14K Gold
http://www1.macys.com/shop/product/cultured-freshwater-pearl-jewelry-set-in-sterling-silver-8-1-2mm?ID=747165&CategoryID=2905&LinkType=,macys,39.99,Cultured Freshwater Pearl Jewelry Set in Sterling Silver (8-1/2mm)
http://www1.macys.com/shop/product/sterling-silver-freshwater-pearl-necklace-bracelet-earring-set?ID=324942&CategoryID=2905&LinkType=,macys,60.00,"Sterling Silver Freshwater Pearl Necklace, Bracelet and Earring Set"
http://www1.macys.com/shop/product/pearl-jewelry-set-sterling-silver-cultured-freshwater-pearl-diamond-accent-jewelry-set?ID=617095&CategoryID=2905&LinkType=,macys,199.00,"Pearl Jewelry Set, Sterling Silver Cultured Freshwater Pearl and Diamond Accent Jewelry Set"
http://www.helzberg.com/product/honora+pearl+boxed+set+1776053.do?sortby=bestSellersAscend,helzberg,85.00,Honora® Freshwater Cultured Pearl Boxed Set in Sterling Silver
http://www1.macys.com/shop/product/sterling-silver-necklace-earrings-set-cultured-freshwater-pearl?ID=324947&CategoryID=2905&LinkType=,macys,60.00,"Sterling Silver Necklace and Earrings Set, Cultured Freshwater Pearl"
http://www1.macys.com/shop/product/14k-gold-cultured-freshwater-pearl-necklace-earring-bracelet-set?ID=399557&CategoryID=2905&LinkType=,macys,299.00,"14k Gold Cultured Freshwater Pearl Necklace, Earring & Bracelet Set"
http://www1.macys.com/shop/product/cultured-freshwater-pearl-jewelry-set-in-sterling-silver-7-8-1-2mm?ID=1759828&CategoryID=2905&LinkType=,macys,150.00,Cultured Freshwater Pearl Jewelry Set in Sterling Silver (7-8-1/2mm)
http://www1.macys.com/shop/product/14k-gold-cultured-freshwater-pearl-bracelet-earring-set-8-1-2mm-9-1-2mm?ID=1145453&CategoryID=2905&LinkType=,macys,107.99,14k Gold Cultured Freshwater Pearl Bracelet and Earring Set (8-1/2mm-9-1/2mm)
http://www1.macys.com/shop/product/cultured-freshwater-pearl-jewelry-set-in-sterling-silver-7-8mm?ID=1916747&CategoryID=2905&LinkType=,macys,150.00,Cultured Freshwater Pearl Jewelry Set in Sterling Silver (7-8mm)
http://www1.macys.com/shop/product/cultured-freshwater-pearl-7-1-2-8-1-2mm-diamond-accent-jewelry-set-in-sterling-silver?ID=1733917&CategoryID=2905&LinkType=,macys,99.00,Cultured Freshwater Pearl (7-1/2-8-1/2mm) and Diamond Accent Jewelry Set in Sterling Silver
http://www1.macys.com/shop/product/pearl-jewelry-set-sterling-silver-pink-cultured-freshwater-pearl-earrings-pendant-9mm?ID=676544&CategoryID=2905&LinkType=,macys,34.50,"Pearl Jewelry Set, Sterling Silver Pink Cultured Freshwater Pearl Earrings and Pendant (9mm)"
http://www1.macys.com/shop/product/cultured-freshwater-pearl-3-piece-stud-earring-set-in-sterling-silver-6-10mm?ID=1747772&CategoryID=2905&LinkType=,macys,50.00,Cultured Freshwater Pearl 3 piece Stud Earring Set in Sterling Silver (6-10mm)
http://www1.macys.com/shop/product/cultured-freshwater-pearl-classic-jewelry-set-in-sterling-silver-8-10mm?ID=1758740&CategoryID=2905&LinkType=,macys,50.00,Cultured Freshwater Pearl Classic Jewelry Set in Sterling Silver (8-10mm)
http://www.bluenile.com/akoya-strand-set_51020?elem=img&track=product,bluenile,765,Classic Akoya Cultured Pearl Stud Earrings and Strand Necklace Set
http://www1.macys.com/shop/product/cultured-freshwater-pearl-8mm-white-topaz-accent-earring-pendant-set-in-sterling-silver?ID=1818491&CategoryID=2905&LinkType=,macys,75.00,Cultured Freshwater Pearl (8mm) and White Topaz Accent Earring and Pendant Set in Sterling Silver
